[
{
  "model": "admin.logentry",
  "pk": 1,
  "fields": {
    "action_time": "2024-11-01T08:38:14.162Z",
    "user": 1,
    "content_type": 23,
    "object_id": "1",
    "object_repr": "Empower Future Leaders with Your Support!",
    "action_flag": 1,
    "change_message": "[{\"added\": {}}]"
  }
},
{
  "model": "admin.logentry",
  "pk": 2,
  "fields": {
    "action_time": "2024-11-01T08:40:09.374Z",
    "user": 1,
    "content_type": 23,
    "object_id": "2",
    "object_repr": "Support the Next Big Creative Project!",
    "action_flag": 1,
    "change_message": "[{\"added\": {}}]"
  }
},
{
  "model": "admin.logentry",
  "pk": 3,
  "fields": {
    "action_time": "2024-11-01T09:13:40.838Z",
    "user": 1,
    "content_type": 23,
    "object_id": "2",
    "object_repr": "Support the Next Big Creative Project!",
    "action_flag": 3,
    "change_message": ""
  }
},
{
  "model": "admin.logentry",
  "pk": 4,
  "fields": {
    "action_time": "2024-11-01T09:13:40.854Z",
    "user": 1,
    "content_type": 23,
    "object_id": "1",
    "object_repr": "Empower Future Leaders with Your Support!",
    "action_flag": 3,
    "change_message": ""
  }
},
{
  "model": "admin.logentry",
  "pk": 5,
  "fields": {
    "action_time": "2024-11-01T09:19:04.967Z",
    "user": 1,
    "content_type": 23,
    "object_id": "3",
    "object_repr": "Empower Future Leaders with Your Support!",
    "action_flag": 1,
    "change_message": "[{\"added\": {}}]"
  }
},
{
  "model": "admin.logentry",
  "pk": 6,
  "fields": {
    "action_time": "2024-11-01T09:20:31.156Z",
    "user": 1,
    "content_type": 23,
    "object_id": "4",
    "object_repr": "Support the Next Big Creative Project!",
    "action_flag": 1,
    "change_message": "[{\"added\": {}}]"
  }
},
{
  "model": "admin.logentry",
  "pk": 7,
  "fields": {
    "action_time": "2024-11-12T09:38:52.185Z",
    "user": 1,
    "content_type": 27,
    "object_id": "1",
    "object_repr": "ActivityComment object (1)",
    "action_flag": 3,
    "change_message": ""
  }
},
{
  "model": "admin.logentry",
  "pk": 8,
  "fields": {
    "action_time": "2024-11-16T10:20:51.379Z",
    "user": 1,
    "content_type": 17,
    "object_id": "1",
    "object_repr": "After Prayer Adhkar",
    "action_flag": 1,
    "change_message": "[{\"added\": {}}]"
  }
},
{
  "model": "admin.logentry",
  "pk": 9,
  "fields": {
    "action_time": "2024-12-04T18:20:25.452Z",
    "user": 1,
    "content_type": 22,
    "object_id": "1",
    "object_repr": "Hadith 1: Sahih al-Bukhari",
    "action_flag": 1,
    "change_message": "[{\"added\": {}}]"
  }
},
{
  "model": "admin.logentry",
  "pk": 10,
  "fields": {
    "action_time": "2024-12-08T18:33:41.908Z",
    "user": 1,
    "content_type": 26,
    "object_id": "1",
    "object_repr": "Al-Ikhlas (The Sincerity)",
    "action_flag": 1,
    "change_message": "[{\"added\": {}}]"
  }
},
{
  "model": "admin.logentry",
  "pk": 11,
  "fields": {
    "action_time": "2024-12-08T18:34:58.114Z",
    "user": 1,
    "content_type": 46,
    "object_id": "1",
    "object_repr": "Al-Ikhlas (The Sincerity) 1",
    "action_flag": 1,
    "change_message": "[{\"added\": {}}]"
  }
},
{
  "model": "admin.logentry",
  "pk": 12,
  "fields": {
    "action_time": "2024-12-09T04:26:38.431Z",
    "user": 1,
    "content_type": 19,
    "object_id": "1",
    "object_repr": "Eco-Friendly Starter Kit",
    "action_flag": 1,
    "change_message": "[{\"added\": {}}]"
  }
},
{
  "model": "admin.logentry",
  "pk": 13,
  "fields": {
    "action_time": "2024-12-09T04:33:27.630Z",
    "user": 1,
    "content_type": 19,
    "object_id": "2",
    "object_repr": "Eco-Friendly Starter Kit",
    "action_flag": 1,
    "change_message": "[{\"added\": {}}]"
  }
},
{
  "model": "admin.logentry",
  "pk": 14,
  "fields": {
    "action_time": "2024-12-09T04:34:50.570Z",
    "user": 1,
    "content_type": 19,
    "object_id": "3",
    "object_repr": "Eco-Friendly Starter Kit",
    "action_flag": 1,
    "change_message": "[{\"added\": {}}]"
  }
},
{
  "model": "admin.logentry",
  "pk": 15,
  "fields": {
    "action_time": "2024-12-09T06:41:35.396Z",
    "user": 1,
    "content_type": 19,
    "object_id": "2",
    "object_repr": "Eco-Friendly Starter Kit",
    "action_flag": 2,
    "change_message": "[]"
  }
},
{
  "model": "admin.logentry",
  "pk": 16,
  "fields": {
    "action_time": "2024-12-09T06:41:57.733Z",
    "user": 1,
    "content_type": 19,
    "object_id": "2",
    "object_repr": "Eco-Friendly Starter Kit",
    "action_flag": 2,
    "change_message": "[]"
  }
},
{
  "model": "admin.logentry",
  "pk": 17,
  "fields": {
    "action_time": "2024-12-09T06:42:28.676Z",
    "user": 1,
    "content_type": 19,
    "object_id": "2",
    "object_repr": "Eco-Friendly Starter Kit",
    "action_flag": 2,
    "change_message": "[]"
  }
},
{
  "model": "admin.logentry",
  "pk": 18,
  "fields": {
    "action_time": "2024-12-09T06:43:02.634Z",
    "user": 1,
    "content_type": 19,
    "object_id": "4",
    "object_repr": "bxnnnnnnnnnoxso",
    "action_flag": 1,
    "change_message": "[{\"added\": {}}]"
  }
},
{
  "model": "admin.logentry",
  "pk": 19,
  "fields": {
    "action_time": "2024-12-09T06:44:18.405Z",
    "user": 1,
    "content_type": 19,
    "object_id": "4",
    "object_repr": "bxnnnnnnnnnoxso",
    "action_flag": 2,
    "change_message": "[]"
  }
},
{
  "model": "admin.logentry",
  "pk": 20,
  "fields": {
    "action_time": "2024-12-09T06:44:50.849Z",
    "user": 1,
    "content_type": 19,
    "object_id": "3",
    "object_repr": "Eco-Friendly Starter Kit",
    "action_flag": 2,
    "change_message": "[]"
  }
},
{
  "model": "admin.logentry",
  "pk": 21,
  "fields": {
    "action_time": "2024-12-09T06:45:01.048Z",
    "user": 1,
    "content_type": 19,
    "object_id": "3",
    "object_repr": "Eco-Friendly Starter Kit",
    "action_flag": 2,
    "change_message": "[]"
  }
},
{
  "model": "admin.logentry",
  "pk": 22,
  "fields": {
    "action_time": "2024-12-09T06:45:19.600Z",
    "user": 1,
    "content_type": 19,
    "object_id": "3",
    "object_repr": "Eco-Friendly Starter Kitm",
    "action_flag": 2,
    "change_message": "[{\"changed\": {\"fields\": [\"Title\", \"Description\"]}}]"
  }
},
{
  "model": "admin.logentry",
  "pk": 23,
  "fields": {
    "action_time": "2024-12-09T06:46:35.295Z",
    "user": 1,
    "content_type": 19,
    "object_id": "5",
    "object_repr": "Eco-Friendly Starter KitEco-Fr",
    "action_flag": 1,
    "change_message": "[{\"added\": {}}]"
  }
},
{
  "model": "admin.logentry",
  "pk": 24,
  "fields": {
    "action_time": "2024-12-09T07:13:48.827Z",
    "user": 1,
    "content_type": 19,
    "object_id": "6",
    "object_repr": "ow New Links Are Created:",
    "action_flag": 1,
    "change_message": "[{\"added\": {}}]"
  }
},
{
  "model": "admin.logentry",
  "pk": 25,
  "fields": {
    "action_time": "2024-12-09T14:51:17.578Z",
    "user": 1,
    "content_type": 44,
    "object_id": "1",
    "object_repr": "Verification of jk - Business Certificate",
    "action_flag": 2,
    "change_message": "[{\"changed\": {\"fields\": [\"Rejection reason\"]}}]"
  }
},
{
  "model": "admin.logentry",
  "pk": 26,
  "fields": {
    "action_time": "2024-12-09T14:53:40.838Z",
    "user": 1,
    "content_type": 38,
    "object_id": "5",
    "object_repr": "jk Profile",
    "action_flag": 2,
    "change_message": "[{\"changed\": {\"fields\": [\"Is verified\"]}}]"
  }
},
{
  "model": "admin.logentry",
  "pk": 27,
  "fields": {
    "action_time": "2024-12-09T14:54:06.888Z",
    "user": 1,
    "content_type": 44,
    "object_id": "1",
    "object_repr": "Verification of jk - Business Certificate",
    "action_flag": 2,
    "change_message": "[]"
  }
},
{
  "model": "admin.logentry",
  "pk": 28,
  "fields": {
    "action_time": "2024-12-09T17:09:52.755Z",
    "user": 1,
    "content_type": 44,
    "object_id": "2",
    "object_repr": "Verification of hj - National ID",
    "action_flag": 2,
    "change_message": "[{\"changed\": {\"fields\": [\"Rejection reason\"]}}]"
  }
},
{
  "model": "admin.logentry",
  "pk": 29,
  "fields": {
    "action_time": "2024-12-09T17:22:18.430Z",
    "user": 1,
    "content_type": 44,
    "object_id": "2",
    "object_repr": "Verification of hj - National ID",
    "action_flag": 2,
    "change_message": "[]"
  }
},
{
  "model": "admin.logentry",
  "pk": 30,
  "fields": {
    "action_time": "2024-12-09T18:18:48.226Z",
    "user": 1,
    "content_type": 44,
    "object_id": "2",
    "object_repr": "Verification of hj - National ID",
    "action_flag": 2,
    "change_message": "[]"
  }
},
{
  "model": "admin.logentry",
  "pk": 31,
  "fields": {
    "action_time": "2024-12-09T18:23:39.366Z",
    "user": 1,
    "content_type": 44,
    "object_id": "2",
    "object_repr": "Verification of hj - National ID",
    "action_flag": 2,
    "change_message": "[]"
  }
},
{
  "model": "admin.logentry",
  "pk": 32,
  "fields": {
    "action_time": "2024-12-09T18:26:25.049Z",
    "user": 1,
    "content_type": 38,
    "object_id": "6",
    "object_repr": "hj Profile",
    "action_flag": 2,
    "change_message": "[{\"changed\": {\"fields\": [\"Is verified\"]}}]"
  }
},
{
  "model": "admin.logentry",
  "pk": 33,
  "fields": {
    "action_time": "2024-12-09T18:36:49.009Z",
    "user": 1,
    "content_type": 44,
    "object_id": "3",
    "object_repr": "Verification of cv - National ID",
    "action_flag": 2,
    "change_message": "[{\"changed\": {\"fields\": [\"Rejection reason\"]}}]"
  }
},
{
  "model": "admin.logentry",
  "pk": 34,
  "fields": {
    "action_time": "2024-12-09T18:38:14.544Z",
    "user": 1,
    "content_type": 38,
    "object_id": "7",
    "object_repr": "cv Profile",
    "action_flag": 2,
    "change_message": "[{\"changed\": {\"fields\": [\"Is verified\"]}}]"
  }
},
{
  "model": "admin.logentry",
  "pk": 35,
  "fields": {
    "action_time": "2024-12-15T13:45:33.482Z",
    "user": 1,
    "content_type": 24,
    "object_id": "1",
    "object_repr": "http://127.0.0.1:8000/admin/main/platformfund/add/",
    "action_flag": 1,
    "change_message": "[{\"added\": {}}]"
  }
},
{
  "model": "admin.logentry",
  "pk": 36,
  "fields": {
    "action_time": "2025-03-12T05:44:50.420Z",
    "user": 9,
    "content_type": 47,
    "object_id": "1",
    "object_repr": "How to Organize These in Your Footer or Navigation",
    "action_flag": 1,
    "change_message": "[{\"added\": {}}]"
  }
},
{
  "model": "admin.logentry",
  "pk": 37,
  "fields": {
    "action_time": "2025-03-12T05:46:09.795Z",
    "user": 9,
    "content_type": 47,
    "object_id": "2",
    "object_repr": "How to Organize These in Your Footer or Navigation",
    "action_flag": 1,
    "change_message": "[{\"added\": {}}]"
  }
},
{
  "model": "admin.logentry",
  "pk": 38,
  "fields": {
    "action_time": "2025-03-12T15:43:48.990Z",
    "user": 9,
    "content_type": 49,
    "object_id": "1",
    "object_repr": "Clean Water for All",
    "action_flag": 1,
    "change_message": "[{\"added\": {}}]"
  }
},
{
  "model": "admin.logentry",
  "pk": 39,
  "fields": {
    "action_time": "2025-03-12T16:27:15.772Z",
    "user": 9,
    "content_type": 49,
    "object_id": "2",
    "object_repr": "A Greener Tomorrow: The Fight Against Waste",
    "action_flag": 1,
    "change_message": "[{\"added\": {}}]"
  }
},
{
  "model": "admin.logentry",
  "pk": 40,
  "fields": {
    "action_time": "2025-03-14T18:08:18.330Z",
    "user": 9,
    "content_type": 50,
    "object_id": "1",
    "object_repr": "How do I start a campaign?",
    "action_flag": 1,
    "change_message": "[{\"added\": {}}]"
  }
},
{
  "model": "admin.logentry",
  "pk": 41,
  "fields": {
    "action_time": "2025-03-27T10:04:28.922Z",
    "user": 9,
    "content_type": 47,
    "object_id": "3",
    "object_repr": "How RallyNex-Led Campaigns Are Making a Difference",
    "action_flag": 1,
    "change_message": "[{\"added\": {}}]"
  }
},
{
  "model": "admin.logentry",
  "pk": 42,
  "fields": {
    "action_time": "2025-03-27T10:05:19.234Z",
    "user": 9,
    "content_type": 47,
    "object_id": "3",
    "object_repr": "How RallyNex-Led Campaigns Are Making a Difference",
    "action_flag": 2,
    "change_message": "[{\"changed\": {\"fields\": [\"Image\"]}}]"
  }
},
{
  "model": "admin.logentry",
  "pk": 43,
  "fields": {
    "action_time": "2025-03-27T10:08:25.869Z",
    "user": 9,
    "content_type": 47,
    "object_id": "3",
    "object_repr": "How RallyNex-Led Campaigns Are Making a Difference",
    "action_flag": 2,
    "change_message": "[{\"changed\": {\"fields\": [\"Image\"]}}]"
  }
},
{
  "model": "admin.logentry",
  "pk": 44,
  "fields": {
    "action_time": "2025-03-27T10:13:36.376Z",
    "user": 9,
    "content_type": 47,
    "object_id": "2",
    "object_repr": "5 Tips for Creating a Successful Crowdfunding Campaign",
    "action_flag": 2,
    "change_message": "[{\"changed\": {\"fields\": [\"Title\", \"Slug\", \"Content\", \"Author\", \"Category\", \"Estimated reading time\", \"Image\"]}}]"
  }
},
{
  "model": "admin.logentry",
  "pk": 45,
  "fields": {
    "action_time": "2025-03-27T10:17:44.010Z",
    "user": 9,
    "content_type": 47,
    "object_id": "1",
    "object_repr": "Spotlight on a Successful Campaign: Helping Local Schools Thrive",
    "action_flag": 2,
    "change_message": "[{\"changed\": {\"fields\": [\"Title\", \"Slug\", \"Content\", \"Author\", \"Category\", \"Estimated reading time\", \"Image\"]}}]"
  }
},
{
  "model": "admin.logentry",
  "pk": 46,
  "fields": {
    "action_time": "2025-03-27T10:22:52.690Z",
    "user": 9,
    "content_type": 47,
    "object_id": "4",
    "object_repr": "The Future of Crowdfunding: Trends to Watch",
    "action_flag": 1,
    "change_message": "[{\"added\": {}}]"
  }
},
{
  "model": "admin.logentry",
  "pk": 47,
  "fields": {
    "action_time": "2025-03-27T10:28:26.367Z",
    "user": 9,
    "content_type": 47,
    "object_id": "5",
    "object_repr": "How to Engage Your Community Through Crowdfunding",
    "action_flag": 1,
    "change_message": "[{\"added\": {}}]"
  }
},
{
  "model": "admin.logentry",
  "pk": 48,
  "fields": {
    "action_time": "2025-03-27T19:13:00.567Z",
    "user": 9,
    "content_type": 49,
    "object_id": "2",
    "object_repr": "A Greener Tomorrow: The Fight Against Waste",
    "action_flag": 2,
    "change_message": "[{\"changed\": {\"fields\": [\"Image\"]}}]"
  }
},
{
  "model": "admin.logentry",
  "pk": 49,
  "fields": {
    "action_time": "2025-03-27T19:20:05.188Z",
    "user": 9,
    "content_type": 49,
    "object_id": "1",
    "object_repr": "Clean Water for All",
    "action_flag": 2,
    "change_message": "[{\"changed\": {\"fields\": [\"Image\"]}}]"
  }
},
{
  "model": "admin.logentry",
  "pk": 50,
  "fields": {
    "action_time": "2025-03-27T19:40:30.225Z",
    "user": 9,
    "content_type": 47,
    "object_id": "1",
    "object_repr": "Spotlight on a Successful Campaign: Helping Local Schools Thrive",
    "action_flag": 2,
    "change_message": "[{\"changed\": {\"fields\": [\"Image\"]}}]"
  }
},
{
  "model": "auth.user",
  "pk": 1,
  "fields": {
    "password": "pbkdf2_sha256$720000$GLbbdUpjtyHsUcY1ItAxn6$WTF3dkZ/V0oODEU0ARD8yElnn4ehzkkbaLJ3c3RRSSU=",
    "last_login": "2024-12-15T19:12:30.921Z",
    "is_superuser": true,
    "username": "pk",
    "first_name": "",
    "last_name": "",
    "email": "pk@gmail.com",
    "is_staff": true,
    "is_active": true,
    "date_joined": "2024-10-31T19:45:39.712Z",
    "groups": [],
    "user_permissions": []
  }
},
{
  "model": "auth.user",
  "pk": 2,
  "fields": {
    "password": "pbkdf2_sha256$720000$zcK1BAd01Wz8q3SwiuzFow$jyYgpRyvDJQXDZWgbi8DsAO11BUlqaUGCNulYb5eBeo=",
    "last_login": "2024-11-01T07:35:28.635Z",
    "is_superuser": true,
    "username": "ck",
    "first_name": "",
    "last_name": "",
    "email": "ck@gmail.com",
    "is_staff": true,
    "is_active": true,
    "date_joined": "2024-10-31T19:46:24.928Z",
    "groups": [],
    "user_permissions": []
  }
},
{
  "model": "auth.user",
  "pk": 3,
  "fields": {
    "password": "pbkdf2_sha256$720000$9O89EopqmnUAk0DXxAu9O8$N0gqykzYIKV7sfPtLAaB4wmB53Tp7k9rKB264b+Q3cY=",
    "last_login": "2024-12-03T06:39:44.013Z",
    "is_superuser": false,
    "username": "kz",
    "first_name": "",
    "last_name": "",
    "email": "kz@gmail.com",
    "is_staff": false,
    "is_active": true,
    "date_joined": "2024-11-01T12:44:18.385Z",
    "groups": [],
    "user_permissions": []
  }
},
{
  "model": "auth.user",
  "pk": 4,
  "fields": {
    "password": "pbkdf2_sha256$720000$qa6mjB5dvVOsMyMuYvlSt6$cgrWIwvTP454ZMC3VeXakeQmg0DUaMLpAs9BUj7uj+U=",
    "last_login": "2024-11-03T18:56:17.686Z",
    "is_superuser": false,
    "username": "test",
    "first_name": "",
    "last_name": "",
    "email": "test@gmail.com",
    "is_staff": false,
    "is_active": true,
    "date_joined": "2024-11-03T18:56:11.025Z",
    "groups": [],
    "user_permissions": []
  }
},
{
  "model": "auth.user",
  "pk": 5,
  "fields": {
    "password": "pbkdf2_sha256$720000$5C7gWRJ9NDleTNnL9pvTAm$GNQ+1X4lYPnWB6Kwwc+h7Q27eKRSfs9cpomojgShT/8=",
    "last_login": "2024-12-09T13:58:56.302Z",
    "is_superuser": false,
    "username": "op",
    "first_name": "",
    "last_name": "",
    "email": "op@gmail.com",
    "is_staff": false,
    "is_active": true,
    "date_joined": "2024-12-02T15:58:27.056Z",
    "groups": [],
    "user_permissions": []
  }
},
{
  "model": "auth.user",
  "pk": 6,
  "fields": {
    "password": "pbkdf2_sha256$720000$H6paG5vncwX6MKMjU5vohI$zULDIXHge1k/q52kZ/WDHEDjorBiHm3FXSsoEMXujNc=",
    "last_login": "2024-12-20T18:21:39.863Z",
    "is_superuser": false,
    "username": "jk",
    "first_name": "",
    "last_name": "",
    "email": "jk@gmail.com",
    "is_staff": false,
    "is_active": true,
    "date_joined": "2024-12-03T18:24:11.811Z",
    "groups": [],
    "user_permissions": []
  }
},
{
  "model": "auth.user",
  "pk": 7,
  "fields": {
    "password": "pbkdf2_sha256$720000$0VrjCWPyELLPNbV9jSAHU3$6sNM0GyYaI9fizw3SHeSDnV+UH2Ziavy+toW9gWOLeE=",
    "last_login": "2024-12-15T12:35:13.812Z",
    "is_superuser": false,
    "username": "hj",
    "first_name": "",
    "last_name": "",
    "email": "hj@gmail.com",
    "is_staff": false,
    "is_active": true,
    "date_joined": "2024-12-09T15:03:31.700Z",
    "groups": [],
    "user_permissions": []
  }
},
{
  "model": "auth.user",
  "pk": 8,
  "fields": {
    "password": "pbkdf2_sha256$720000$NQZiDn06K7dVQVvujxBYeW$IEJVgH3pbWo+SGAYHdoBfgwVlGanjevl0TQpSR+BDJ8=",
    "last_login": "2024-12-09T18:39:33.393Z",
    "is_superuser": false,
    "username": "cv",
    "first_name": "",
    "last_name": "",
    "email": "cv@gmail.com",
    "is_staff": false,
    "is_active": true,
    "date_joined": "2024-12-09T18:33:21.799Z",
    "groups": [],
    "user_permissions": []
  }
},
{
  "model": "auth.user",
  "pk": 9,
  "fields": {
    "password": "pbkdf2_sha256$720000$FdQPUXzBlSpapeaPvveeEc$Yv4RS1jA4P0ypmV7XyfnYJIwaGar90HdzVLI8wncABw=",
    "last_login": "2025-03-27T19:12:05.719Z",
    "is_superuser": true,
    "username": "ak",
    "first_name": "",
    "last_name": "",
    "email": "ak@gmail.com",
    "is_staff": true,
    "is_active": true,
    "date_joined": "2025-03-11T19:02:13.942Z",
    "groups": [],
    "user_permissions": []
  }
},
{
  "model": "auth.user",
  "pk": 10,
  "fields": {
    "password": "pbkdf2_sha256$720000$TC6apeLf0rjdSbc9oDehAe$jqgicvE8Lv2OH2HIK+46WY2VRvJ5kSVX9w5/BGc/bWQ=",
    "last_login": "2025-03-27T20:26:33.748Z",
    "is_superuser": false,
    "username": "rallynex",
    "first_name": "",
    "last_name": "",
    "email": "rallynex1@gmail.com",
    "is_staff": false,
    "is_active": true,
    "date_joined": "2025-03-21T04:55:59.714Z",
    "groups": [],
    "user_permissions": []
  }
},
{
  "model": "sessions.session",
  "pk": "06n5co5rixeffedtx7mpn5qy6o1ix6q8",
  "fields": {
    "session_data": ".eJxVj8FqxDAMRP9F52AiJ3biHHvfLyglKLbcuNu1l9ihLcv-e-N2L4tAiJnRg7kBWZv2WGbay8qxBEslpDhfuKzJZZheb_B_wwRXyvkrbQ4aoAITDl3bH6M7oTqpDaoG9sxbpAvX9Bnubw38keeqz6FCEJ60heyZYzXcB8X3JGyKZQuLqBHxcLM4JcefL4_sE2ClvB7fVrJGw-gNKae8UshDLweyqF1rjUGLEmWnZOv1eKzBk-YRe_bKGjcuFZo551qev69h-4Gpvf8C3-tetg:1t6b90:eWv6JD0q7AryV7tLm5WiRqPUO3M1P05fB6fMcDTYg1w",
    "expire_date": "2024-11-14T19:47:46.559Z"
  }
},
{
  "model": "sessions.session",
  "pk": "0eyima8y2noe6i7cck0dq55dvaucxg3f",
  "fields": {
    "session_data": ".eJxVj0tuwzAMBe_CtSGYcvTzsvucoCgMWqJrNY0UWDLaIsjdG7XZZEMQ7w0H4BXI-7ynOtFeV041eqoxp-nMdc2hwPh6hf8dRrhQKV95C9ABVRjRDNIMqHsnBmud7GAvvCU6c2NPcHvr4M87tXyKTYHwlM3kT5xaET4ovWfhc6pbnEVDxKMt4pgDf7482CfBSmW9X3vJGh3j4kgFtSiFbA7SkEcdeu8cepQoByX7Rdv7MAtptnjgRXkX7NykhUtpr_P3JW4_MPa3X2Y8XmA:1tGMe3:APc9PrU-oooRPNJtUDr2g7c_usBDCQrzl2SJi9u2TD8",
    "expire_date": "2024-12-11T18:20:11.370Z"
  }
},
{
  "model": "sessions.session",
  "pk": "0xtpw643guz7a9wvklicfdcfu52r1bzk",
  "fields": {
    "session_data": ".eJxVj8FuwyAMht_F5wjFNEDIcfc-wTRFDpiFdYUqEG1T1Xdf2XrpxbL-__Mn-QrkXN5TnWmvK6caHdWY03zmumZfYHq9wv8OE1yolK-8eeiAKkxoDmi0UdoIY4fBStnBXnhLdOZGn-D21sGfeW75HJsE4SlbyJ04tcJ_UHrPwuVUt7iIhohHW8Qxe_58ebBPgpXKer92kjVaxmBJeRWUQjaDNORQ-95Ziw4lyoOSfdDjfZhAmkccOChn_bg0aeFS2vP8fYnbD0z97Rf4AF7S:1tCJqz:acilNoenfNXwFapiEn6_ttINdqgC09dbNxk3gVgsF5I",
    "expire_date": "2024-11-30T14:32:49.835Z"
  }
},
{
  "model": "sessions.session",
  "pk": "18ayqgmjohxkqdrca2iuxk6771kcnbij",
  "fields": {
    "session_data": ".eJxVj8FuwyAMht_F5wjFUAjkuHufYJoiB5yFdYUqEG1T1Xdf2XrpxbL-__Mn-Qrkfd5TnWivK6caPdWY03TmuuZQYHy9wv8OI1yolK-8BeiAKow4KKmsMdYKpawz0nawF94SnbnRJ7i9dfBnnlo-xSZBeMpm8idOrQgflN6z8DnVLc6iIeLRFnHMgT9fHuyTYKWy3q-9ZIOOcXGkg160Rh4OciCPJvTeOfQoUSot-8XY-xgWMmzxwIv2Lti5SQuX0p7n70vcfmDsb7_7Nl7W:1tEuvP:qGJb0lpfDW4AYGTPFZ2XsN4XFzlKpLT0rmTT2gURQK4",
    "expire_date": "2024-12-07T18:32:07.526Z"
  }
},
{
  "model": "sessions.session",
  "pk": "1oims9yw6nf3i0pfza9wltwtyi6yreom",
  "fields": {
    "session_data": ".eJxVj0FuwyAQRe8yawsZMBi87D4nqCprDENN00BksJIqyt0b2myyGY3-f_OkuQE6l_dUZ9zrSqlGhzXmNJ-ortkXmN5v8L_DBGcs5ZI3Dx1ghYmPUmqj9SCZkKI3uoO90JbwRA0-wv2jgz_x3PI5NgeHl2xBd6TUCv-F6TMzl1Pd4sIawp5tYYfs6fvtyb4IVizr49oJ0twSDxaVV0EpTuMgRnRc-95Zyx0XXEgl-qDNY4wBNRk-UFDOerM0aaFS2u90PcftB6b-_gumul6P:1tKN5p:qwy9KyVK76LVhD5vvvs-KryxzvpkxLsV4A1AWvF51Ns",
    "expire_date": "2024-12-22T19:37:25.231Z"
  }
},
{
  "model": "sessions.session",
  "pk": "1qvp4q2wv8hr2ayme356nzpjso25f992",
  "fields": {
    "session_data": ".eJxVj8FuwyAMht_F5whhGkjIcfc-wTRFDpiFdYUqEG1T1Xdf2XrpxbL-__Mn-QrkXN5TnWmvK6caHdWY03zmumZfYHq9wv8OE1yolK-8eeiAKkw4HFBKg70UOGplpelgL7wlOnOjT3B76-DPPLd8jk2C8JQt5E6cWuE_KL1n4XKqW1xEQ8SjLeKYPX--PNgnwUplvV87xQYtY7CkvQ5aIw-9Gsih8dJZiw4VqoNWMpjxPoZAhkfsOWhn_bg0aeFS2vP8fYnbD0zy9gvboV6x:1t97lv:JeLa-dj8GbIT7vamxWenbKFT_vEVoveZNItYTXyBYps",
    "expire_date": "2024-11-21T19:02:23.414Z"
  }
},
{
  "model": "sessions.session",
  "pk": "3kkbvuv13ycw72hjegbktnzykhbgwwi6",
  "fields": {
    "session_data": ".eJxVj91qwzAMhd9F1yFYbpy_y933CcYIiiwvXle7xA7tKH33xVtvCkKIc44-OHcg5riFPNGWFwnZM2Ufw3SWvESbYHy_w_8NI1wopWtcLVRAGUbsDnofhU3dq151uq1gS7IGOktJn-DxUcEfeSr65AsE4UWbiU8SimG_KHzGmmPIq5_rEqmfbqqP0cr32zP7AlgoLfs3a2lxEHQDGWucMShdoztibK3iYUBGjfpgtHJtv6_OUSs9NuIMD7afCzRJSqW83C5-_YFRPX4B4cFeuA:1tGMka:DWvmqfVZmjW6zMOwvK5dQv3_tT1pKqnNhGnG6ekXJmU",
    "expire_date": "2024-12-11T18:26:56.964Z"
  }
},
{
  "model": "sessions.session",
  "pk": "3niez4e63q1avbc3fsn4bbgn950x9psp",
  "fields": {
    "session_data": ".eJwlykEKgCAQBdC7_LUEalF5lYgYVCgiDR1pId49ot1bvAqyNpbAGxXefeDDEh8xbJfnPboMs1T8hsFNOT8xOQgQw8hRq3GaZa87pbXsByVQsk-BLv_tE21tL8icIKM:1tGbbz:mgmtvr9JwjIbZ1RDoA4J8f3Gtjdh1_99GoEWyjRHhGo",
    "expire_date": "2024-12-12T10:19:03.240Z"
  }
},
{
  "model": "sessions.session",
  "pk": "3pxdzhtzu1vmeamtf55kf1hv7ijz2uve",
  "fields": {
    "session_data": ".eJxVj0tuwzAMRO_CtWHoayVedt8TFIVBUXSttpEMS0YTBLl7ozab7IiZNw_gFZAo76lOuNeFU42ENeY0nbguORQY367wf8MIK5byk7cAHWCFUTqtlZJaiV4cjbWmg73wlvDEdzivcHvv4E88tXyKzWHhKfNIX5xaET4xfeSecqpb9H1D-kdb-tcc-PvlwT4JFizLfe0oGCsH7SSTFooUeS3QHQ5yMHIerDbOMyonkGfjMQgv5sFpEgqtYDw2aeFS2u98XuN2gVHcfgGVGl6K:1tIQ2d:NiHq30PdHFcbCIEdwqIvneL7z3At4K78CVtwiTTRuKc",
    "expire_date": "2024-12-17T10:22:03.492Z"
  }
},
{
  "model": "sessions.session",
  "pk": "44mmr6ywy623lw6c36m365f7emdvafu2",
  "fields": {
    "session_data": ".eJwlykEKgCAQBdC7_HUEaZR5lYgYTFBCjRxpId49ot1bvAoyJpXIOxV2NrI3xD7FPVh26cjQa8VvaFyU85PuAx2IoYdZDuMi5aR6IYWa1dihZHtHCvbbJ9rWXsmxILE:1tBAWO:9IVWoJwap9B7Kc7DyDNE4VRVe3gjIWT8npApAQGWmKI",
    "expire_date": "2024-11-27T10:22:48.238Z"
  }
},
{
  "model": "sessions.session",
  "pk": "486sz750zt58szntnsddfyn8rqu2hj0c",
  "fields": {
    "session_data": ".eJxVj8FuwyAMht_F5wjFpBDIcfc-wTRFDpiFdYUqEG1T1Xdf2XrpxbL-__Mn-QrkXN5TnWmvK6caHdWY03zmumZfYHq9wv8OE1yolK-8eeiAKkw4Dqh6Y7QSWg7YwV54S3Tmhp7g9tbBn3Zu-RybAeEpW8idOLXCf1B6z8LlVLe4iIaIR1vEMXv-fHmwT4KVynq_dpI1WsZgSXkVlEIeD3Ikh9r3zlp0KFEOSvZBm_sYA2k2eOCgnPVmadLCpbTP-fsStx-Y-tsvGrFeIw:1tBEYN:J81ZznSaDSCvJkHDAMdZNGxF1XJFTonzhUUOuncpzYo",
    "expire_date": "2024-11-27T14:41:07.301Z"
  }
},
{
  "model": "sessions.session",
  "pk": "4b9evatxdhgijefepth6f7q7tzpdmltr",
  "fields": {
    "session_data": ".eJxVj0tuwzAMBe_CtWGYij6Wl93nBEVh0BJVq2mkwJLRFkHu3qjNJhuCeG84AK9AzuU91Zn2unKq0VGNOc1nrmv2BabXK_zvMMGFSvnKm4cOqMKE5jBIqbXUvbBotNYd7IW3RGdu9Alubx38meeWz7FJEJ6yhdyJUyv8B6X33Luc6haXviH9oy39MXv-fHmwT4KVynq_doI1WsZgSXkVlEI2UhhyqP3grEWHAsVBiSHo8T5MIM0jSg7KWT8uTVq4lPY8f1_i9gPTcPsF8BNeyQ:1t6mDo:whRCE-ZnRWZAWhCQTHe1I_np_LSWbR-uQCxKL5IdMMY",
    "expire_date": "2024-11-15T07:37:28.474Z"
  }
},
{
  "model": "sessions.session",
  "pk": "4zrbcoaeairg0wgr7wmvx4vqxryzpdoo",
  "fields": {
    "session_data": ".eJxVj8FuwyAMht_F5wjFJISQ4-59gmmKHDAL6wpVIGqnqu--svXSi2X9_-dP8g3I2rTHMtNeVo4lWCohxfnEZU0uw_R-g_8dJjhTzpe0OWiACkyoO-yMUtKIHnVvxgb2zFukE1f4CPePBv7Ec83nUB0IL9lC9sixFu6L4mcSNsWyhUVURDzbLA7J8ffbk30RrJTXx7WVPKBh9IaUU14pZN1LTRYH11pj0KJE2SnZ-mF8DO1p4BF79soaNy5Vmjnn-jtfz2H7gam9_wKu3F6Z:1tAl4N:JS1OvK66mM5Hvyx3hFFi6L4NVq5iS-WxHeXxwLs2BjE",
    "expire_date": "2024-11-26T07:12:11.933Z"
  }
},
{
  "model": "sessions.session",
  "pk": "521yurxt2h76xvoqatn0i58dvqhp7x0w",
  "fields": {
    "session_data": ".eJxVj8tqwzAQRf9l1kZYkvXysvt8QSlmLI1rNY0ULJmkhPx7ozabbIbh3jMH5gbofd5TnXCvK6UaPdaY03SiuuZQYHy_wf8OI5yxlEveAnSAFUZupNRGWmuYkm4QynawF9oSnqjRR7h_dPBnnlo-xSbh8JLN6I-UWhG-MH1m5nOqW5xZQ9izLeyQA32_PdkXwYplfVx7QZo74otDFdSiFCczCIOe69B757jnggupRL9o-xhmQU2WD7Qo74Kdm7RQKe15up7j9gNjf_8F-aJe1A:1tKJm5:uNSSKfEj9jv66THM6jJ4XmYtm97Gd5LgLvxEx3ivwnw",
    "expire_date": "2024-12-22T16:04:49.772Z"
  }
},
{
  "model": "sessions.session",
  "pk": "54i61tqati3ky7ku82btgczgqzfm85qv",
  "fields": {
    "session_data": ".eJxVj8FqwzAMht9F5xAiN47jHHfvE4wRFFlevK52iR22Ufruq7deehHi_z99oCsQc9pjmWkvq8QSmEpIcT5LWZPLML1e4X-HCS6U81faHDRABSY0h04rNLZvx14rq1UDe5Yt0lkqfYLbWwN_5rnmc6gShKdsIT5JrIX7oPieWk6xbGFpK9I-2twek5PPlwf7JFgpr_drVjKgFfSWtNNeaxTTK0OMg-vYWmRUqA5adX4Y78N4GmTEXrxm68alSrPkXJ-X70vYfmDqbr_swV7F:1t75lt:CstpE0dqOjUQRuT3K0ohSZnY_NtgMir2JjSIKtfi-EA",
    "expire_date": "2024-11-16T04:29:57.900Z"
  }
},
{
  "model": "sessions.session",
  "pk": "6nul1sv39dhr3y712fcna44ttrkl1cro",
  "fields": {
    "session_data": ".eJxVj8FuwyAMht_F5wjFBBLIcfc-wTRFDjgL6wpVIGqnqu--svXSi2X9_-dP8g3IubTHMtFeVo4lOCohxenEZU0-w_h-g_8dRjhTzpe0eWiACow4dApNJ5UWCpVGaxrYM2-RTlzpI9w_GvgzTzWfQpUgvGQzuSPHWvgvip9JuBTLFmZREfFsszgkz99vT_ZFsFJeH9dOco-WcbGkvV60Rh6UHMhh71tnLTqUKDst26U3jzEs1LNBxYt21pu5SjPnXJ_n6zlsPzC291_pVl7B:1tMSHX:13duTyQ4izOBJbm1irdIP8WAS6uFzJy8EtMTyIYNVME",
    "expire_date": "2024-12-28T13:34:07.528Z"
  }
},
{
  "model": "sessions.session",
  "pk": "7dtjcyv3g3uovl2xuoseo3quw3opi1gu",
  "fields": {
    "session_data": ".eJxVkLtuwzAMAP-Fs2HoaVkeu-cLisKgJbp260iBJCMJgvx7ojZLNoJ3vIE3QOfiHsqIe1kolNVhWWMYj1SW6DMMnzf4n2GAE-Z8jslDA1hg4EYJrXvORctMp_veNrBnSgGP9LQTbts10AXuXw389cdKx7WmOIO35YTul0Il_gfDd2xdDCWtU1uV9kVze4ieto-X-xZYMC_PaylnJVxvNNdGTow0mzVix6xwqJlGa7xlczf7WXZCGqPIMW6NsU6RNUrWaKac6w_oclrTFQZ2fwDQj2DZ:1tvay0:IVBvknr4ZV4tErd0Pol58Zj-exYH9HvtmfslrAb87sc",
    "expire_date": "2025-04-04T11:55:12.139Z"
  }
},
{
  "model": "sessions.session",
  "pk": "7hjdfkhiuuqnyocn8j1cxedowu7kc4go",
  "fields": {
    "session_data": ".eJxVj8tugzAQRf9l1giNH2CGZff5gqpCAx4KSWNH2Cipovx76zab7Eb3nnukuQNPU9xDHnjPi4S8TpzXGIaz5CX6BP37Hf5v6OHCKV3j5qECztArZ6wipwjrDk3XKV3BnmQLfJZf-niCx0cFf-ah5MNaJC28ZCNPJwml8EcOn7GeYsjbOtYFqZ9tqg_Ry9fbk30RLJyWsnaqnb1Fmo3DWaxvbGONsHNMjUarFSnbmtaQ1kiCjA6dZk3SIY1ERZokpfK83C7r9g09Pn4Aqq9dRQ:1tMVuT:ClgXARbpVmC2gZoXUIXGCw2YO1B_ri50z5iPqcUPSjE",
    "expire_date": "2024-12-28T17:26:33.802Z"
  }
},
{
  "model": "sessions.session",
  "pk": "7klfo1ssd6esrxzssvqbh3fjp2pn7bc2",
  "fields": {
    "session_data": ".eJxVj8FuwyAMht_F5whhEkLIcfc-wTRFDjgL6wpVIGqnqu--svXSi2X9_-dP8g3IubTHMtFeVo4lOCohxenEZU0-w_h-g_8dRjhTzpe0eWiACoxo2ta0VqEUshuM7LCBPfMW6cSVPsL9o4E_81TzKVQJwks2kztyrIX_oviZhEuxbGEWFRHPNotD8vz99mRfBCvl9XHtFPdoGRdL2utFa2TTKUMOey-dtehQoWq1kks_PIZZqOcBO160s36YqzRzzvV5vp7D9gOjvP8C4Stetw:1tKalg:Dhfysjf_A0m8mwtH5Boev8YEmnnMBeQlQhht3YorFe4",
    "expire_date": "2024-12-23T10:13:32.082Z"
  }
},
{
  "model": "sessions.session",
  "pk": "7ooq42nevrxf66e8ulck4d0vgcxrkxpf",
  "fields": {
    "session_data": ".eJxVj0tuwzAMRO_CtWHoZ8n0svucoCgM2qJrJY0UWDKSIsjdW7XZZEfMvHkA70DznPZYRtrLyrGEmUpIcTxzWZPPMLzf4f-GAS6U8zVtHhqgAoN02sjeCNO32iqjEBvYM2-RzvxLH0_w-GjgzzzWfAxVYuElm2g-cayFP1L8TO2cYtnC1Fakfba5PSTPX29P9kWwUl7r2km7eCNw0U4sbHxnOqOZnCPslDBKojRWW41KCWRBwgmnSCH3AifEKs2cc32eb5ewfcMgHj-s7V1I:1tMSUU:H0hVY7vfoS2V2sih13Sx4Bpx09xhrYP1_Y_uyvxqhps",
    "expire_date": "2024-12-28T13:47:30.654Z"
  }
},
{
  "model": "sessions.session",
  "pk": "7qi3hxlfy3jci7fkeskj0yvc4ght5p0h",
  "fields": {
    "session_data": ".eJxVj8FuwyAMht_F5wjFUCDkuHufYJoiB5yFdYUqEG1T1Xdf2XrpxbL-__Mn-Qrkfd5TnWivK6caPdWY03TmuuZQYHy9wv8OI1yolK-8BeiAKoxoFaI1VlkxoDRKdbAX3hKducEnuL118CeeWj7F5kB4ymbyJ06tCB-U3rPwOdUtzqIh4tEWccyBP18e7JNgpbLer71kg45xcaSDXrRGtgdpyaMJvXcOPUqUSst-McN92IUMD3jgRXsXhrlJC5fSfufvS9x-YOxvv6TvXo0:1t9q9U:-6uvSRf9XtT7W5VCyn54Ol-8Qk2S0aB_9GMCjZCor3Y",
    "expire_date": "2024-11-23T18:25:40.525Z"
  }
},
{
  "model": "sessions.session",
  "pk": "82isosh8yeeic7c4gfxtqcadikderkjd",
  "fields": {
    "session_data": "eyJhY2NvdW50X2F1dGhlbnRpY2F0aW9uX21ldGhvZHMiOlt7Im1ldGhvZCI6InBhc3N3b3JkIiwiYXQiOjE3MzMxNjE2NDMuMTUyOTAyOCwidXNlcm5hbWUiOiJreiJ9XX0:1tIAW3:IztOVrXHMYO94Wz2jNEiJDZmZOBfzH4xJUR15YlcAbc",
    "expire_date": "2024-12-16T17:47:23.152Z"
  }
},
{
  "model": "sessions.session",
  "pk": "9odqxygttef1my2az06brboxtfqu76yu",
  "fields": {
    "session_data": ".eJxVj8FuwyAMht_F5whhUiDkuHufYJoiB5yFdYUqEG1T1Xdf2XrpxbL-__Mn-Qrkfd5TnWivK6caPdWY03TmuuZQYHy9wv8OI1yolK-8BeiAKoxo-15paU0vFEo1IHawF94SnbnRJ7i9dfBnnlo-xSZBeMpm8idOrQgflN6z8DnVLc6iIeLRFnHMgT9fHuyTYKWy3q-9YoOOcXGkg160RrYHZcmjCdI7hx4Vql4ruZjhPuxChgc88KK9C8PcpIVLac_z9yVuPzDK2y_aYV6v:1tIXhX:E9GvQ1A6SZBTZgp6mbCIskPWKRPYkGTUHIgAWQiWfPM",
    "expire_date": "2024-12-17T18:32:47.883Z"
  }
},
{
  "model": "sessions.session",
  "pk": "9xptl9asgjh4dnrqczf2ifrklhotwjel",
  "fields": {
    "session_data": ".eJxVj8FuwyAMht_F5wjFJEDIcfc-wTRFDjgL6wpVIGqnqu--svXSi2X9_-dP8g3IubTHMtFeVo4lOCohxenEZU0-w_h-g_8dRjhTzpe0eWiACoxoOmwtql6LznRGK9nAnnmLdOJKH-H-0cCfear5FKoE4SWbyR051sJ_UfxMwqVYtjCLiohnm8Uhef5-e7IvgpXy-rh2kjVaxsWS8mpRCtn00pBD7VtnLTqUKDsl20UPj2EW0jxgz4ty1g9zlWbOuT7P13PYfmBs77_pW17B:1t9TzR:BssCkFipGMKXHNF7DL83o-fslQIea96D_V7Nu1UssBA",
    "expire_date": "2024-11-22T18:45:49.222Z"
  }
},
{
  "model": "sessions.session",
  "pk": "a1c8n23ez9go4bz4p114txrvo75sq2km",
  "fields": {
    "session_data": ".eJxVj8FuwyAMht_F5wgFEkPIcfc-wTRFDjgL6wpVIGqnqu--svXSi2X9_-dP8g3IubTHMtFeVo4lOCohxenEZU0-w_h-g_8dRjhTzpe0eWiACozSdJ1CjYiiR21a7BrYM2-RTlzpI9w_GvgzTzWfQpVIeMlmckeOtfBfFD-TcCmWLcyiIuLZZnFInr_fnuyLYKW8Pq6dYi0ty8USelwQJZteGXJS-9ZZK51UUnWo2kUPj2EW0jzInhd01g9zlWbOuT7P13PYfmBs77_rOV7D:1tIZCv:dfy-bTOKcii-mpCrnHi4OUxtISMEPPUTceWX1-3OSkE",
    "expire_date": "2024-12-17T20:09:17.612Z"
  }
},
{
  "model": "sessions.session",
  "pk": "a45vwa4vp7wms2sqx7fmvsiqrqh3juez",
  "fields": {
    "session_data": ".eJxVj8tOwzAQRf9l1lHkxPErS_Z8AULReDwQA7Wr2KFFVf-dGrrpbnTvuUeaCyBR3lNdcK8rpxoJa8xpOXBdcygwv1zg_4YZjljKKW8BOsAK82CkNNopI3tplBqV6mAvvCU88I2mb7i-dvBnXlq-xCax8JB5pE9OrQgfmN5zTznVLfq-If29Lf1zDvz1dGcfBCuW9bY2w6gVWWmFszhoQcIHZnpDkoqNFTgOE6F2E6mJfdACJ2cHp6Vg7yflm7RwKe15Ph_j9gOzuP4C-Xxe8A:1tKifP:jxEaQ-tda6EUzKgd_kFHnLp31ehQ1gQI7a26F99aGW0",
    "expire_date": "2024-12-23T18:39:35.624Z"
  }
},
{
  "model": "sessions.session",
  "pk": "aruo82otfogsx5cy44l3lsokiy9fbsnr",
  "fields": {
    "session_data": ".eJxVj8FuwyAMht_F5whhCJDkuHufYJoiB5wl6wpVIGqnqu--svXSi2X9_-dP8g3I-7THMtJeFo5l9VTWFMcTlyWFDMP7Df53GOBMOV_SFqABKjCg00p3zqpWyFaj1KqBPfMW6cSVPsL9o4E_81jzca0ShJdsIn_kWIvwRfEzCZ9i2dZJVEQ82ywOKfD325N9ESyUl8e1V2yxZ5x7MsHMxiC7VjnyaIP0fY8eFSptlJxt9xhuJssdtjwb34duqtLMOdfn-Xpetx8Y5P0X3fFesw:1tEv9u:thlxcfiv5nJ1k7aUPXm0JSVbw09qO-UCY2o7UQcb1AA",
    "expire_date": "2024-12-07T18:47:06.157Z"
  }
},
{
  "model": "sessions.session",
  "pk": "b3zskp6a3qtgcrze8c0gof6i4qz6s94f",
  "fields": {
    "session_data": ".eJxVj8FuwyAMht_F5whhUkLIcfc-wTRFDpiFdYUqEG1T1Xdf2Xrpzfr_z5_sK5BzeU91pr2unGp0VGNO85nrmn2B6fUK_zNMcKFSvvLmoQOqMKHp1ahkr4wwRlqDHeyFt0RnbvAJbm8d_Innls-xORCesoXciVMr_Ael9yxcTnWLi2iIeLRFHLPnz5cH-yRYqaz3bad4QMsYLGmvg9bI5qAMORy8dNaiQ4Wq10qG4X5zMIEGHvHAQTvrx6VJC5fSfufvS9x-YJK3X6TIXo0:1tGjj1:RoknZAZO-Ke5lA_86okCEvZjDBv0OPNNl7BPoQw0Zvw",
    "expire_date": "2024-12-12T18:58:51.322Z"
  }
},
{
  "model": "sessions.session",
  "pk": "bd2la8jkus33vxoe8d8e1praojfst7cp",
  "fields": {
    "session_data": ".eJwlykEKgCAQBdC7_HVEpiB5lYgYVFAiDR1pEd49ot1bvAdkbW6Jd2ocfOJoiWNO--k5ZFdh1ge_YXBRrXcuDgOIYYSWQi1SSTXOYtJ6lgNa9SXR6b99oG_9Bcf9IJ8:1tBAXS:dH9mNt6V4IeoYJBNWvBcJ1MOCGBTOZG6nMCP1hUsNpY",
    "expire_date": "2024-11-27T10:23:54.210Z"
  }
},
{
  "model": "sessions.session",
  "pk": "bmyxylqjs7nygalr8j2uctkyx90v0okt",
  "fields": {
    "session_data": ".eJxVj8FuwyAMht_F5wjFJEDIcfc-wTRFDjgL6wpVIGqnqu--svXSi2X9_-dP8g3IubTHMtFeVo4lOCohxenEZU0-w_h-g_8dRjhTzpe0eWiACoxoOtlphVIJ07cS-66BPfMW6cSVPsL9o4E_81TzKVQJwks2kztyrIX_oviZhEuxbGEWFRHPNotD8vz99mRfBCvl9XHtJGu0jIsl5dWiFLLppSGH2rfOWnQoUXZKtoseHsMspHnAnhflrB_mKs2cc32er-ew_cDY3n8B3b1esw:1tEpJ3:G7g9xXDW5TL0Eo7x3zxpXt_JSsZ2xm7n4jtv3d9RuYk",
    "expire_date": "2024-12-07T12:32:09.690Z"
  }
},
{
  "model": "sessions.session",
  "pk": "bpgem7m96vg2lr07k3xudyhj21sfd136",
  "fields": {
    "session_data": ".eJxVj8FuwyAMht_F5wjFpEDIcfc-wTRFDpiFdYUqEG1T1Xdf2XrpxbL-__Mn-QrkXN5TnWmvK6caHdWY03zmumZfYHq9wv8OE1yolK-8eeiAKkxoBjmMShsjpNQ9StPBXnhLdOZGn-D21sGfeW75HJsE4SlbyJ04tcJ_UHrPwuVUt7iIhohHW8Qxe_58ebBPgpXKer92kjVaxmBJeRWUQjYHacih9r2zFh1KlIOSfdDjfZhAmkc8cFDO-nFp0sKltOf5-xK3H5j62y_o1l7A:1tEuel:78AFPoc2ugIDGxuHExk4eg0RoRESaQwcoLpH3vjsnLo",
    "expire_date": "2024-12-07T18:14:55.105Z"
  }
},
{
  "model": "sessions.session",
  "pk": "cbfbyzp3pdze08rg8sdwlbv579fgaefi",
  "fields": {
    "session_data": ".eJxVj8FuwyAQRP9lzxYCDNj42Hu-oKqsNSw1TQORwWqrKP9e0-aSy2o1M_s0ewN0Lu-pzrjXlVKNDmvMab5QXbMvML3e4H-HCa5YylfePHSAFSYx9L2Sg-KKmVEZrjvYC20JL9TCZ7i_dfAHnps-x8YQ8KQt6M6UmuE_ML1n5nKqW1xYi7CHW9gpe_p8eWSfACuW9bh2koywJIJF7XXQWtBwdEMnjOfOWuGEFLLXkgczHmMIaGgUioJ21o9LgxYqpf1O39e4_cDE77-jKV6L:1tJHeZ:FwAKAgow5WRV0f6gOTFMHc0-Vcrbjp8iJ_4UqD_AxEw",
    "expire_date": "2024-12-19T19:36:47.555Z"
  }
},
{
  "model": "sessions.session",
  "pk": "cfh1cap07d4ksr2bbo0fdqpukoyw6t90",
  "fields": {
    "session_data": ".eJxVj8FuwyAMht_F5whhEiDJcfc-wTRFDpgl6wpVIGqnqu--svXSi2X9_-dP8g3IubTHMtFeFo5ldVTWFKcTlyX5DOP7Df53GOFMOV_S5qEBKjCibdFY2bVGSGuVVg3smbdIJ67wEe4fDfyJp5pPa3UgvGQzuSPHWvgvip9JuBTLts6iIuLZZnFInr_fnuyLYKG8PK6dYoMDYxhIex20RradsuTQeOmGAR0qVK1WMpj-MWwgwz12HLQbfD9Xaeac6-98Pa_bD4zy_gugrF6I:1tBuaL:0N4VGOTJoLisiuIzMONWLsYPQ-nmOfwZUta9XAdCwYM",
    "expire_date": "2024-11-29T11:33:57.791Z"
  }
},
{
  "model": "sessions.session",
  "pk": "cyzmlsbcsprjfz2bxx13wo3r4h2aaryr",
  "fields": {
    "session_data": ".eJwlyk0KgCAQBtC7fGuJLKYfrxIRgwlJpJEjLaS7R7R7i1fA1sYcZOEsmwviLYuPYTmcbHFNMFPBbxicnNIdrxUKLDC6b-uOxoZ0pRsau4EUcnJX4MN9e8czPy_JNiCt:1t7fWt:FXhOS-T9Gmkm2-N8iPxcWx7QMTIz0M2oJpsEOGBzY4g",
    "expire_date": "2024-11-17T18:40:51.125Z"
  }
},
{
  "model": "sessions.session",
  "pk": "deje4ke5qkftd6nzuk8d1cusp0svncwg",
  "fields": {
    "session_data": ".eJxVj8FuwyAMht_F5wjFJBDIcfc-wTRFDjgL6wpVIGqnqu--svXSi2X9_-dP8g3IubTHMtFeVo4lOCohxenEZU0-w_h-g_8dRjhTzpe0eWiACow4dJ02vUQjWqWNlqaBPfMW6cSVPsL9o4E_81TzKVQJwks2kztyrIX_oviZhEuxbGEWFRHPNotD8vz99mRfBCvl9XHtJGu0jIsl5dWiFPLQy4Ecat86a9GhRNkp2S7aPMawkGaDPS_KWW_mKs2cc32er-ew_cDY3n8B8DFeyQ:1tKMSk:klWhdy61bnqvfRTiGr2vaJhHvbE4Fn64EzMLsYj8mfU",
    "expire_date": "2024-12-22T18:57:02.356Z"
  }
},
{
  "model": "sessions.session",
  "pk": "dn1sc1ywg4kmpggpalovga18qh2jz2ar",
  "fields": {
    "session_data": ".eJwlykEKgCAQBdC7_LUEZmV5lQgZTChCjRxpId09ot1bvApyLpXIlgpvPvLuiPcUbfC8pTXDzBW_YXBSzne6VggQw0itZKeGvmsbpaWeRoGS_RUp-C8feJbnBasaIHk:1tAvjq:hyveCoOzaYkRvin3E4OwjmZYdVmU0uLVHGRQpoo9xCU",
    "expire_date": "2024-11-26T18:35:42.371Z"
  }
},
{
  "model": "sessions.session",
  "pk": "e2tkh7y27hnoxh3jquufhm4oyh7bo3q8",
  "fields": {
    "session_data": ".eJxVj0tuwzAMBe_CtSGYcvTzsvucoCgMWqJrNY0UWDLaIsjdG7XZZEMQ7w0H4BXI-7ynOtFeV041eqoxp-nMdc2hwPh6hf8dRrhQKV95C9ABVRjRDOgGq5UR2vZKqQ72wluiMzf4BLe3Dv7EU8un2BwIT9lM_sSpFeGD0nsWPqe6xVk0RDzaIo458OfLg30SrFTW-7WXrNExLo5UUItSyOYgDXnUoffOoUeJclCyX7S9D7OQZosHXpR3wc5NWriU9jt_X-L2A2N_-wWv9F6a:1tD2MV:b5XkF3H2We_QjtI1k9fUUtiH2BEe3zu8KTGsOWRm86U",
    "expire_date": "2024-12-02T14:04:19.565Z"
  }
},
{
  "model": "sessions.session",
  "pk": "e3prbw9uz0gxk8fxhuk1qigqbj3365yk",
  "fields": {
    "session_data": ".eJwlyk0KgCAQBtC7fOsI1OjHq0TIYANFpKEjLcK7R7R7i_eAvI8liKMiGwfZPckegztZtrhm2PnBb1hclPMd04oGJLBqMFqrTo-mHSYzqb5ByZwCnfzlA3WpL6rTIHY:1tEC43:cwXmoHFmAzF6ntJJQ6dcxTgcIpJCdYRmRfO4RMokLbk",
    "expire_date": "2024-12-05T18:38:03.796Z"
  }
},
{
  "model": "sessions.session",
  "pk": "e7c86y5kszyzlyl503fp59ibaoy8y8k6",
  "fields": {
    "session_data": ".eJwlykEKgCAQBdC7_LVEWZl5lYgYTChCjRxpEd69oN1bvAdkbcyBF8q8ucC7Jd5jWLzjLa4JZnrwGwYnpXTHa4UAMUwztHXXqV7qSkmlRqkFcnJXIO--bQ-UubzJRSCk:1t6mBs:n0vVqH0qafjc0Tdt8VT_RCnM-WioXyYOZf9Cz7rBStA",
    "expire_date": "2024-11-15T07:35:28.627Z"
  }
},
{
  "model": "sessions.session",
  "pk": "edandgl8idfhubd3osdvqnt3tsygex6n",
  "fields": {
    "session_data": ".eJxVj0FuwyAQRe8yawuNAUPwsvucoKqsMYxrkgYig9VWUe7e0maT3ej_9580NyDv857qRHtdOdXoqcacpgvXNYcC4-sN_m8Y4UqlfOYtQAdUYeyt0tJodUChUBk9mA72wluiC__SpzPc3zr4M08tn2KTGHjKZvJnTq0IJ0rvWfic6hZn0RDxaIs45sAfLw_2SbBSWdva9mYJGt2iLC6sw6AHrZisJTdI1LJ3vTbKKCclOkZCi1aSdHxANzvXpIVLac_z1zVu3zDi_QeknF0-:1tMnOA:ftdHuaSKxIzhtgDQ_2eYpPB6aZemDzjUk1yN1MoSgHQ",
    "expire_date": "2024-12-29T12:06:22.482Z"
  }
},
{
  "model": "sessions.session",
  "pk": "evwwrxqiu3wmfw9wmjk66374pfo0q0x2",
  "fields": {
    "session_data": ".eJxVj8FuwyAQRP9lzxbykmDAx97zBVVlrWGpaRqIDFZbRfn3mjaXXFarmdmn2RuQc3lLdaKtLpxqdFRjTtOF65J9gfH1Bv87jHClUr7y6qEDqjCiPqA2eNRGKG2MxQ62wmuiC7fwGe5vHfyBp6ZPsTEQnrSZ3JlTM_wHpfcsXE51jbNoEfFwizhlz58vj-wTYKGy7NdO8oCWMVhSXgWlkPVRanI4-N5Ziw4lyoOSfRjMPnSggffuHJSz3swNWriU9jt_X-P6A2N__wW0116g:1tCNTM:lOiPr_yTsv3vQjWB6XJI6w8V6h5phT90K6EeUBtFDkw",
    "expire_date": "2024-11-30T18:24:40.561Z"
  }
},
{
  "model": "sessions.session",
  "pk": "fajgiq7laeu7tyy37h18prljowfe9r8q",
  "fields": {
    "session_data": ".eJxVj8FuwyAMht_F5wjFJATIcfc-wTRFDjgL6wpVIGqnqu--svXSi2X9_-dP8g3IubTHMtFeVo4lOCohxenEZU0-w_h-g_8dRjhTzpe0eWiACoyoO9RKSmNEb6S1qmtgz7xFOnGlj3D_aODPPNV8ClWC8JLN5I4ca-G_KH4m4VIsW5hFRcSzzeKQPH-_PdkXwUp5fVw7yQNaxsWS8mpRCln3UpPDwbfOWnQoUXZKtstgHkMvNLDBnhflrDdzlWbOuT7P13PYfmBs77_1Nl7P:1tCFsY:tdH0hHRLLp24kxkzsXRF23a8oq2K-rwMeqRkW1SLIY4",
    "expire_date": "2024-11-30T10:18:10.902Z"
  }
},
{
  "model": "sessions.session",
  "pk": "fc8s5zgwkeo2elqofhzrs2ze9nzq0efs",
  "fields": {
    "session_data": ".eJxVj8FuwyAMht_F5wjFUCDkuHufYJoiB5yFdYUqEG1T1Xdf2XrpxbL-__Mn-Qrkfd5TnWivK6caPdWY03TmuuZQYHy9wv8OI1yolK-8BeiAKoxolUJt0SmhZI_G6g72wluiMzf6BLe3Dv7MU8un2CQIT9lM_sSpFeGD0nsWPqe6xVk0RDzaIo458OfLg30SrFTW-7WXbNAxLo500IvWyPYgLXk0offOoUeJUmnZL2a4D7uQ4QEPvGjvwjA3aeFS2vP8fYnbD4z97RfkYl67:1tI9MK:506BYRiKzoh8XNCO-OvDhZO9xcBChdSzUtlTlBQtalQ",
    "expire_date": "2024-12-16T16:33:16.548Z"
  }
},
{
  "model": "sessions.session",
  "pk": "fdwch81mzv1uumur2h5u6ipc9fmwa022",
  "fields": {
    "session_data": ".eJxVj8FqwzAMht9F5xAiN3biHHfvE4wRFFlevK52iR22Ufruq7deehHi_z99oCsQc9pjmWkvq8QSmEpIcT5LWZPLML1e4X-HCS6U81faHDRABSYcDsoaY61pEXurGtizbJHOUtkT3N4a-PPONZ9DVSA8ZQvxSWIt3AfF99RyimULS1uR9tHm9picfL482CfBSnm9X7MSg1bQW9JOe61Rhl4NxGhcx9Yio0J10KrzZryPwZOREXvxmq0blyrNknN9Xb4vYfuBqbv9AmupXmY:1tHLsc:M8vTlZumv_5NibrOnCfyU2EP0NJjnozgfJMIITYC4A4",
    "expire_date": "2024-12-14T11:43:18.723Z"
  }
},
{
  "model": "sessions.session",
  "pk": "ff1oiun7m2zev86h5chn2be6jpuyt421",
  "fields": {
    "session_data": ".eJxVj8FuwyAMht_F5wjFUBLIcfc-wTRFDpiFdYUqEG1T1Xdf2XrpxbL-__Mn-QrkXN5TnWmvK6caHdWY03zmumZfYHq9wv8OE1yolK-8eeiAKkw4Kqm1VaiENb1GozrYC2-JztzoE9zeOvgzzy2fY5MgPGULuROnVvgPSu9ZuJzqFhfREPFoizhmz58vD_ZJsFJZ79dO8oCWMVjSXgetkceDHMnh4HtnLTqUKJWWfRjMfYyBBjZ44KCd9WZp0sKltOf5-xK3H5j62y_sEV7E:1tFdp6:wrvxbn5Kditf279Ogy1mUbf36A7Iv5eQ9FZMVfyUZoQ",
    "expire_date": "2024-12-09T18:28:36.961Z"
  }
},
{
  "model": "sessions.session",
  "pk": "ff5dh9v7iazitgnvyi3b6kdye9xpp95t",
  "fields": {
    "session_data": ".eJxVj8FuxCAMRP_F5whhEkLIsff9gqqKHHAaul1YBaK2Wu2_N7R72YtlzYyfxjcg59Iey0R7WTmW4KiEFKcLlzX5DOPrDf53GOFKOX-lzUMDVGBE07YKlVFSSNWqbuga2DNvkS5c02e4vzXwR56qPoUKQXjSZnJnjtXwHxTfk3Apli3MokbEw83ilDx_vjyyT4CV8npcO8U9WsbFkvZ60RrZdMqQw95LZy06PLq2WsmlH45hFup5wI4X7awf5grNnHN9nr-vYfuBUd5_Adk9Xq4:1tINnv:MN1OMF4DviGKvujiX866ep6gt4cmD03WbTwE8OBmFaI",
    "expire_date": "2024-12-17T07:58:43.335Z"
  }
},
{
  "model": "sessions.session",
  "pk": "fm97i3a3ysve1sm7t489xfr6760towyw",
  "fields": {
    "session_data": ".eJxVj8FugzAMht_FZ4RiQoBw3L1PME3IOM5gXZOKBLVT1Xdfs_XSi2X9_-dP8g2IOe4hT7TnRUJemfIaw3SSvESXYHy_wf8OI5wppUvcHFRAGUbsNbaqRa1qPaDVg6lgT7IFOkmhj3D_qODPPJV8WosE4SWbiY8SSuG-KHzGmmPI2zrXBamfbaoP0cn325N9ESyUlsc1N9KhFfSWjDPeGJS-bXpi7Jxia5GxwUabRvlueIzeUycDtuINWzfMRZokpfK8XM_r9gOjuv8C4YFeuA:1tAnJ6:_VOw4JDbHx6V8N63MiHf14tO93c7lu9SFSySrEBjPy0",
    "expire_date": "2024-11-26T09:35:32.171Z"
  }
},
{
  "model": "sessions.session",
  "pk": "gw5n79v3n794ifxwoa3lc24zf66dvd4i",
  "fields": {
    "session_data": ".eJxVj0FvgzAMhf-LzwjFoQmB4-79BdOEjGMG65pUJKidqv73ka2XXizrvedPz3cg5riFPNCWZwl5YcpLDMNZ8hx9gv79Dv879HChlK5x9VABZeixbRrlULeubg-6UdZUsCVZA52lpE_w-KjgjzwUfVgKBOFFG4lPEorhvyh8xppjyOsy1iVSP91UH6OX77dn9gUwU5r3a9ZisROcOjLeTMag7KVaYrRecdcho0bdGK0m6_bRTmTF4UEmw513Y4EmSak8L7fLsv5Arx6_5vBevg:1tHpbs:7-n7qV6CeCrb9PioY9U_1eNNf39uA92ZwGm6EBn472s",
    "expire_date": "2024-12-15T19:28:00.888Z"
  }
},
{
  "model": "sessions.session",
  "pk": "h4c5cnrbcfd16p8sbllyzsiiishrhg3m",
  "fields": {
    "session_data": ".eJxVj8FuwyAMht_F5wjFJASS4-59gmmKHDAL6wpVIGqnqu--svXSi2X9_-dP8g3I2rTHMtNeVo4lWCohxfnEZU0uw_R-g_8dJjhTzpe0OWiACkyoO9Smx1YJozszdKqBPfMW6cSVPsL9o4E_81zzOVQJwku2kD1yrIX7oviZhE2xbGERFRHPNotDcvz99mRfBCvl9XFtJQ84MvqRlFNeKWTdS00WB9facUSLEmWnZOsH8xja08AGe_bKjs4sVZo55_o8X89h-4Gpvf8C71ReyA:1tCO9k:WTPSlCz3Om4kFhAEnvMU7oejk91nj-WjrhkL24pxD9s",
    "expire_date": "2024-11-30T19:08:28.943Z"
  }
},
{
  "model": "sessions.session",
  "pk": "h6d5ixyxx87rkjms856pc5580w97g39y",
  "fields": {
    "session_data": ".eJxVj8FuwyAMht_F5yjCNEDIcfc-wTRFDpiFdYUqEG1T1Xdf2XrpxbL-__Mn-QrkXN5TnWmvK6caHdWY03zmumZfYHq9wv8OE1yolK-8eeiAKkxoDjgIKYXuR2Ws1qaDvfCW6MyNPsHtrYM_89zyOTYJwlO2kDtxaoX_oPSee5dT3eLSN6R_tKU_Zs-fLw_2SbBSWe_XTrJGyxgsKa-CUshmkIYcai-ctehQojwoKYIe78ME0jziwEE568elSQuX0p7n70vcfmASt1_sX17F:1tAmo4:I1wQf3LCLSYjktXYFheJgv5V7KRSdAC7cEXp49xXH6Y",
    "expire_date": "2024-11-26T09:03:28.906Z"
  }
},
{
  "model": "sessions.session",
  "pk": "ij6ym4vr15ws10gia40sghixb8b478hm",
  "fields": {
    "session_data": ".eJxVj8FuwyAQRP9lzxZicQDjY-_5gqqy1rCuaRqIDFZbRfn3hjaX7GG1mpl90lyBvM97qhPtdeVUo6cac5rOXNccCoyvV_i_YYQLlfKVtwAdUIURbY-9RqmtkLaN6WAvvCU6c0uf4PbWwR95avoUGwThSZvJnzg1I3xQes_C51S3OIsWEQ-3iGMO_PnyyD4BVirr_dsrNugYF0c66EVrZHtQljyaIL1z6FGh6rWSixnuyy5keMADL9q7MMwNWriUVp6_L3H7gVHefgHse17F:1tAZV6:y5AGzMk82yw_NQlko-T-jMnCstdIV-cyUYxJeX8dz-M",
    "expire_date": "2024-11-25T18:51:00.188Z"
  }
},
{
  "model": "sessions.session",
  "pk": "jqam9u8kz2z0hqiiu925jvblgqyi9z3z",
  "fields": {
    "session_data": ".eJxVj0FuwzAMBP_Cs2HQkiyFPvaeFxSFQVt0raSRAktGWwT5e6s2l9yI3dkBeAOe57THMvJeVoklzFxCiuNFypp8huH1Bv83DHDlnD_T5qEBLjB0TmvXW3SmtQdCS7qBPcsW-SK_9OkM97cG_sxjzcdQJRaesonns8Ra-BPH99TOKZYtTG1F2keb22Py8vHyYJ8EK-e1rl1nF2-QFu1wEeN70xst7BxTr9CojjpjtdWkFJIgo0OnWJEckCaiKs2Sc31evq5h-4YB7z-0sF1R:1tKf9h:Rn4JxA05j6AqYfV18qi580Bw74AuHzwkBzMU9uzwaQ4",
    "expire_date": "2024-12-23T14:54:37.633Z"
  }
},
{
  "model": "sessions.session",
  "pk": "jthihrbb67t92bi1275eo40ls5j7t0ar",
  "fields": {
    "session_data": ".eJxVj8FuwyAMht_F5yjCNBDIcfc-wTRFDpiFdYUqEG1T1Xdf2XrpxbL-__Mn-QrkXN5TnWmvK6caHdWY03zmumZfYHq9wv8OE1yolK-8eeiAKkw4HoSR1gjRay2EEUMHe-Et0ZkbfYLbWwd_5rnlc2wShKdsIXfi1Ar_Qek99y6nusWlb0j_aEt_zJ4_Xx7sk2Clst6vnWSNljFYUl4FpZDHQY7kUHvhrEWHEuVBSRG0uY8xkGaDAwflrDdLkxYupT3P35e4_cAkbr_i3l65:1t8Nti:Y6a37ERGpCRWpiTO_GqRkXFkFBHRU6ScI3Hz164mN64",
    "expire_date": "2024-11-19T18:03:22.831Z"
  }
},
{
  "model": "sessions.session",
  "pk": "k1q8etg0yt3lb5egtqu613fau235i76a",
  "fields": {
    "session_data": ".eJxVj8FuxCAMRP_F5whhCEnIsff9gqqKHDBNul1YBaK2Wu2_N7R72YtlzYyfxjcg59Iey0R7WTiW1VFZU5wuXJbkM4yvN_jfYYQr5fyVNg8NUIERe43aGJRaaNtp2bYN7Jm3SBeu6TPc3xr4I09Vn9YKQXjSZnJnjtXwHxTfk3Aplm2dRY2Ih5vFKXn-fHlknwAL5eW4doo7tIzBkvEmHLW4b1VPDjsvnbXoUKHSRsnQDcfoA3U8YMvBOOuHuUIz51yf5-_ruv3AKO-_3z9etQ:1tAaYO:Alrop5v5XLU1W4Q_9MwPb6cnPiu-c1GH8TTaPHOtOSc",
    "expire_date": "2024-11-25T19:58:28.049Z"
  }
},
{
  "model": "sessions.session",
  "pk": "kt9zu4fwr3e8fuqvar2sd2oxe4td19nv",
  "fields": {
    "session_data": ".eJxVjEEOwiAQRe_C2hCkhem4dN8zNAzMSNVAUtqV8e7apAvd_vfef6kpbGuetsbLNCd1UahOvxuF-OCyg3QP5VZ1rGVdZtK7og_a9FgTP6-H-3eQQ8vf2lMIEC042xvhiH5wQGKod8RdEnuO1sqQGIGQiADEYwdivHFoLLF6fwD75zhH:1tsOAc:5RCnrFjqvf0OBEi5zabOcK-Lk0xoZuXyIdnRxfbE1-o",
    "expire_date": "2025-03-26T15:38:58.734Z"
  }
},
{
  "model": "sessions.session",
  "pk": "mpf4fz6vdvw23i18l9whynwmvkyss2xj",
  "fields": {
    "session_data": ".eJxVj8FugzAMht_FZ4RwSIBw3L1PME3IOGZkXZOKBLVT1Xdfs_XSi2X9_-dP8g2IOe4hT7TnVUL2TNnHMJ0kr9ElGN9v8L_DCGdK6RI3BxVQhhH7tsVWa421trrrsa1gT7IFOkmhj3D_qODPPJV88kWC8JLNxEcJpXBfFD5jzTHkzc91Qepnm-pDdPL99mRfBCul9XHNSjq0gosl48xiDEqvVU-MnWvYWmRUqFqjmqUbHqNfqJMBtSyGrRvmIk2SUnlerme__cDY3H8B5SBevA:1tI3RM:q2iQwgZFZxf8b-EVwqG6Ao-S39WIrICf7TmXQmLn0sQ",
    "expire_date": "2024-12-16T10:14:04.427Z"
  }
},
{
  "model": "sessions.session",
  "pk": "mr6vnq3ay0li04g04rpbpcl03kjekp4j",
  "fields": {
    "session_data": ".eJxVj8FuwyAMht_F5wjFJEDIcfc-wTRFDjgL6wpVIGqnqu--svXSi2X9_-dP8g3IubTHMtFeVo4lOCohxenEZU0-w_h-g_8dRjhTzpe0eWiACoxoOuxx0IMRrbS671QDe-Yt0okrfYT7RwN_5qnmU6gShJdsJnfkWAv_RfEzCZdi2cIsKiKebRaH5Pn77cm-CFbK6-PaSdZoGRdLyqtFKWTTS0MOtW-dtehQouyUbBc9PIZZSPOAPS_KWT_MVZo55_o8X89h-4Gxvf8C7bBexg:1tAr5s:A7qn-9KWWONB_C90JlPkdWqhi4QfbVfsmfyMpl8E-b0",
    "expire_date": "2024-11-26T13:38:08.755Z"
  }
},
{
  "model": "sessions.session",
  "pk": "mxvks96c2cezna5k8y9hxj7ewbyi2nn6",
  "fields": {
    "session_data": ".eJxVkMFuwyAMQP_F5whBgBBy3L1fME2RA87ClkIViNqq6r-3bL30Zvk9v4NvgM6lPZYR97JQLMFhCSmORypL8hmGzxv8zzDACXM-p81DA1hgEEa1Wve96JgQspVKN7Bn2iIe6WlvuK7XSBe4fzXw1x8rHUNNCQ5vywndL8VK_A_G78RcimULE6sKe9HMDsnT-vFy3wIL5uV5LeWsWtcbLbSREyfNZ43Ycds61FyjNd7yuZv9LLtWGqPIcWGNsU6RNUrWaKac6w_ocgrbFQZ-fwDFtWDM:1tvb9M:kwF-l9EpQUzG54jRJnjryR57PF172MMJ4RShGnfaeeA",
    "expire_date": "2025-04-04T12:06:56.143Z"
  }
},
{
  "model": "sessions.session",
  "pk": "nlx8clvz01nh3ytriyt8mzlmvfp4bdh6",
  "fields": {
    "session_data": ".eJxVj8FuwyAMht_F5wgRIDDnuHufYJoiB5yFdoUqEG1T1Xdf2XrpxbL-__Mn-Qrkfd5TnWivK6caPdWY03TmuuZQYHy7wv8OI1yolK-8BeiAKoy900ahug8hlbEOVQd74S3Rme_08QS39w7-zFPLp9gkFp6ymfyJUyvCkdJHFj6nusVZNEQ82iIOOfDn64N9EqxU1nbtersEI3HRTi5swmAGo5mcIxyUNKrH3lhtNSolkSVJJ50ihfwicUZs0sKltOf5-xK3Hxjl7RemQF1A:1tMufB:elyQ43gzdN934apsxhs12cOE6UU3PPZU7ar0sPeHfo0",
    "expire_date": "2024-12-29T19:52:25.107Z"
  }
},
{
  "model": "sessions.session",
  "pk": "nv97pdm5rer95ptif8gp7snfvolxcpe0",
  "fields": {
    "session_data": ".eJxVj0tuwzAMBe_CtSGYcvTzsvucoCgMWqJrNY0UWDLaIsjdG7XZZEMQ7w0H4BXI-7ynOtFeV041eqoxp-nMdc2hwPh6hf8dRrhQKV95C9ABVRjRDAMOWlklBonO2A72wluiMzf4BLe3Dv7EU8un2BwIT9lM_sSpFeGD0nsWPqe6xVk0RDzaIo458OfLg30SrFTW-7WXrNExLo5UUItSyOYgDXnUoffOoUeJclCyX7S9D7OQZosHXpR3wc5NWriU9jt_X-L2A2N_-wWpw16T:1tI3zv:DLTfU7n9KEziel3dPcLKr9q7lbtEKWcNfKKAc7uvmkE",
    "expire_date": "2024-12-16T10:49:47.343Z"
  }
},
{
  "model": "sessions.session",
  "pk": "nwp7ppvy90qo078ee1dv6vr4rpy3qorp",
  "fields": {
    "session_data": ".eJxVj8FuxCAMRP_F5wjFJATIsff9gqqKHHAaul1YBaK2Wu2_N7R72YtlzYyfxjcg59Iey0R7WTmW4KiEFKcLlzX5DOPrDf53GOFKOX-lzUMDVGBE3aHRspNKGGuxxwb2zFukC9fwGe5vDfyBp6pPoTIQnrSZ3JljNfwHxfckXIplC7OoEfFwszglz58vj-wTYKW8HtdO8oCWcbGkvFqUQta91ORw8K072jmUKDsl22Uwx9ALDWyw50U5681coZlzrr_z9zVsPzC291-pJ16S:1tCl6d:fcHg08KTROLL1UxRR0IUYnZTa-t1vqNDs5ULgxiqr1s",
    "expire_date": "2024-12-01T19:38:47.903Z"
  }
},
{
  "model": "sessions.session",
  "pk": "omnat2h10mogk39hr76rveqlhzes4kkf",
  "fields": {
    "session_data": ".eJxVj8FuwyAQRP9lzxbyEmOMj73nC6rKWsNS0zQQGaykivLvNW0u2cNqNTP7pLkDWZu2WCbaysKxBEslpDiduSzJZRjf7_B_wwgXyvmaVgcNUIER9WEf1apOaK1Vp7GBLfMa6cw1fYLHRwN_5KnqU6gQhBdtJnviWA33RfEzCZtiWcMsakQ83SyOyfH32zP7AlgoL_u3ldyjYfSGlFNeKWTdSU0We9daY9CiRHlQsvX9sC_tqecBO_bKGjfMFZo551qeb5ew_sDYPn4B6w1eww:1tItd3:xrACSIk9a97oXBJnsVCMyOdpX783Vj1LQZ1jeAhBSOw",
    "expire_date": "2024-12-18T17:57:37.503Z"
  }
},
{
  "model": "sessions.session",
  "pk": "q0kzwm3k3cj57rrfqm6oq6gzb10tnluk",
  "fields": {
    "session_data": ".eJxVj8FuxCAMRP_F5wjFJEDIsff9gqqKHHAaul1YBaK2Wu2_N7R72YtlzYyfxjcg59Iey0R7WTmW4KiEFKcLlzX5DOPrDf53GOFKOX-lzUMDVGBE03Wyx952ojNSD9g3sGfeIl24ps9wf2vgjzxVfQoVgvCkzeTOHKvhPyi-J-FSLFuYRY2Ih5vFKXn-fHlknwAr5fW4dpI1WsbFkvJqUQrZ9NKQQ-1bZy06lCg7JdtFD8cwC2k-KvOinPXDXKGZc67P8_c1bD8wtvdf57Vevw:1tIVI0:dN5pIdjmrISLwCDyimJzmmkWFsv2nlcPv3N5bfR3za8",
    "expire_date": "2024-12-17T15:58:16.839Z"
  }
},
{
  "model": "sessions.session",
  "pk": "q731nqw0zf5ltbzdz0o4u5r16zcninj3",
  "fields": {
    "session_data": ".eJxVj0tuwzAMRO_CtSHIsj6ml93nBEVh0BJdO2mkwJKRFEHu3qrNJjti5s0DeAfyPu2xjLSXhWNZPZU1xfHMZUkhw_B-h_8bBrhQzte0BWiACgyt67Rr-x5R9NoaI00De-Yt0pl_6eMJHh8N_JnHmo9rlVh4ySbyJ461CEeKn0n4FMu2TqIi4tlmcUiBv96e7ItgobzUtWvtHLTEuXNyZh2MNrpjco7QKKlVi622ne1QKYksSTrpFCnkXuKEWKWZc67P8-2ybt8wyMcPugpdVw:1tOhd8:G6D6qu7W-WVN0GNp3d5F5W8A_ayU1GUpmtn2kHPTTYY",
    "expire_date": "2025-01-03T18:21:42.146Z"
  }
},
{
  "model": "sessions.session",
  "pk": "qi1tpzwqtepd30qstaya8vlc4ytk85h2",
  "fields": {
    "session_data": ".eJxVj8FuwyAMht_F5wjFJBDIcfc-wTRFDjgL6wpVIGqnqu--svXSi2X9_-dP8g3IubTHMtFeVo4lOCohxenEZU0-w_h-g_8dRjhTzpe0eWiACow4dK3peomdkMpIjbKBPfMW6cSVPsL9o4E_81TzKVQJwks2kztyrIX_oviZhEuxbGEWFRHPNotD8vz99mRfBCvl9XHtJGu0jIsl5dWiFPLQy4Ecat86a9GhRNkp2S7aPMawkGaDPS_KWW_mKs2cc32er-ew_cDY3n8B31ZetQ:1t8P2t:Uv5Mm42DA2N1GQCATaIyjZhgVjU7ao-PkfaUEmLRk3g",
    "expire_date": "2024-11-19T19:16:55.308Z"
  }
},
{
  "model": "sessions.session",
  "pk": "qqvivcnoa6314fsuw0hedch5m8vzczxt",
  "fields": {
    "session_data": ".eJwlykEKgCAQBdC7_HWEpSB4lQgZVFAijRxpId49ot1bvA5yrrTMlhrHkDk54lSyPQPH4ivM1vEbBhfV-pTbYwIxzKLlosQqlJyV1FLoCa2GO9MZvnxg7OMFqOkgYw:1tAmlP:4YBvdGL9Djgq6pAHbVHg3PmOfmVUvESl-i6pK1PPESI",
    "expire_date": "2024-11-26T09:00:43.437Z"
  }
},
{
  "model": "sessions.session",
  "pk": "r1y6i2midgzflodcg5jrtb3p4fcx8kld",
  "fields": {
    "session_data": ".eJxVj8FuwyAMht_F5yjCNEDIcfc-wTRFDpiFdYUqEG1T1Xdf2XrpxbL-__Mn-QrkXN5TnWmvK6caHdWY03zmumZfYHq9wv8OE1yolK-8eeiAKkxoDkILq4XpB2nVMJoO9sJbojM3-gS3tw7-zHPL59gkCE_ZQu7EqRX-g9J77l1OdYtL35D-0Zb-mD1_vjzYJ8FKZb1fO8kaLWOwpLwKSiGbQRpyqL1w1qJDifKgpAh6vA8TSPOIAwflrB-XJi1cSnuevy9x-4FJ3H4B8ANeyQ:1t7ScE:oQTwUW1LF6jsJ6D9_Z0FBtegeaNdLcLia2e0x0pUwpY",
    "expire_date": "2024-11-17T04:53:30.519Z"
  }
},
{
  "model": "sessions.session",
  "pk": "r6fmqh484te37rqpe48akkx0egptm8es",
  "fields": {
    "session_data": ".eJxVj8FuwyAMht_F5wjFpEDIcfc-wTRFDpiFdYUqEG1T1Xdf2XrpxbL-__Mn-QrkXN5TnWmvK6caHdWY03zmumZfYHq9wv8OE1yolK-8eeiAKkxoBql0Pw5SaGOUNh3shbdEZ27wCW5vHfyJ55bPsTkQnrKF3IlTK_wHpfcsXE51i4toiHi0RRyz58-XB_skWKms92snWaNlDJaUV0EpZHOQhhxq3ztr0aFEOSjZBz3ehwmkecQDB-WsH5cmLVxK-52_L3H7gam__QKsS16W:1tFeDc:rUrDVe6uQsmrJeGprY2G4G9PZ2kl3G8OOzadxcQNhD8",
    "expire_date": "2024-12-09T18:53:56.060Z"
  }
},
{
  "model": "sessions.session",
  "pk": "rjo29aj2c0q6rssshv3ubpj7hv582xh7",
  "fields": {
    "session_data": ".eJxVj8FuhDAMRP_FZxThQIBw7H2_oKqQcUxJt5usSFBbrfbfS9q97MW2ZsZPmhsQc9xDnmjPq4TsmbKPYbpIXqNLML7e4P-GEa6U0lfcHFRAGUbsG21a07SDso3FY1ewJ9kCXaSkz3B_q-CPPBV98gWC8KTNxGcJxXAfFN6j4hjy5mdVIurhJnWKTj5fHtknwEppPb5ZS4dWcLFknFmMQelb3RNj52q2Fhk16sboeumGY_QLdTJgK4th64a5QJOkVMrL99VvPzDW91_xB17K:1tFaBs:0d9yTpR1fcliQbOH5Kk-B6TeN6e8RS-U9r9giiu8Hpc",
    "expire_date": "2024-12-09T14:35:52.175Z"
  }
},
{
  "model": "sessions.session",
  "pk": "rur7sqo8enrdt1zb1chl9tymgeupho1v",
  "fields": {
    "session_data": ".eJwlykEKgCAQBdC7_HUEZmV6lQgZTDBCjRxpEd09ot1bvBvkXK6JLVUOPvHmiLecbPQc8lpg5hu_YXBQKVc-VzQghhFKdmpSepBtr9Uwiga1-DNR9F_e8SzPC6zbIIY:1tGbIn:CIgpPvJGmC9l-WlUYVsyjNDqSAos3b4MfFRYaCK6Vu4",
    "expire_date": "2024-12-12T09:59:13.515Z"
  }
},
{
  "model": "sessions.session",
  "pk": "rwwfzqvwgkbhz9xtkh4c784nrlgzbais",
  "fields": {
    "session_data": ".eJxVj8FqwzAMht9F5xAiN07sHHfvE4wRFFlevK52iR22Ufruq7deehHi_z99oCsQc9pjmWkvq8QSmEpIcT5LWZPLML1e4X-HCS6U81faHDRABSYcDz1ir41p0SJaqxvYs2yRzlLpE9zeGvgzzzWfQ5UgPGUL8UliLdwHxffUcoplC0tbkfbR5vaYnHy-PNgnwUp5vV-zkgGtoLeknfZao4y9GolxcB1bi4wK1UGrzg_mPkZPgxjsxWu2zixVmiXn-rx8X8L2A1N3-wXvM17I:1tMAQB:BdMoqbU5ObPO1hvynyvsvB5NbAdhzlXr7FS1Xl_7C4s",
    "expire_date": "2024-12-27T18:29:51.439Z"
  }
},
{
  "model": "sessions.session",
  "pk": "ttbvri6v9c7k951n37rgb32gvu1n0rrs",
  "fields": {
    "session_data": ".eJxVj8FuwyAMht_F5wjFJISQ4-59gmmKHDAL6wpVIGqnqu--svXSi2X9_-dP8g3I2rTHMtNeVo4lWCohxfnEZU0uw_R-g_8dJjhTzpe0OWiACkyou06j1qMSRnamb3UDe-Yt0okrfYT7RwN_5rnmc6gShJdsIXvkWAv3RfEzCZti2cIiKiKebRaH5Pj77cm-CFbK6-PaSh7QMHpDyimvFLLupSaLg2utMWhRouyUbP0wPob2NPCIPXtljRuXKs2cc32er-ew_cDU3n8B9JZezg:1tKVC8:Oskg6J9S5wBYEHs8BJ0_-I_b4lmwu7skh-gvGB2H1ak",
    "expire_date": "2024-12-23T04:16:28.041Z"
  }
},
{
  "model": "sessions.session",
  "pk": "ttpkq5hilkg4xgn40gbb5lr7g3vvgoym",
  "fields": {
    "session_data": ".eJxVj0tuwzAMBe_CtSGItiV_lt3nBEVh0BRVu2mkwJKRFEHu3qjNJhuCeG84AG9AzHEPeaI9LxLyypTXGKaT5CW6BOP7Df53GOFMKV3i5qACyjBi1zTWNFpb1bY9dqaCPckW6CQFPsL9o4I_8VTyaS0OhJdsJj5KKIX7ovAZFceQt3VWBVHPNqlDdPL99mRfBAul5XHNtVgcBP1AxhlvDErX1h0xWqd5GJCxxroxtfa2f4zOk5UeW_GGB9fPRZokpfK7XM_r9gOjvv8CokFeig:1tKELK:A7w-cZDupHWelW2NxOr0hVvKUwknomKS0v7Wj-ya3KM",
    "expire_date": "2024-12-22T10:16:50.983Z"
  }
},
{
  "model": "sessions.session",
  "pk": "ubqs8a6gjekr3begb6w37mzwyv2tcwut",
  "fields": {
    "session_data": ".eJxVj8FuwyAMht_F5wjFJECS4-59gmmKHDAL6wpVIGqnqu--svXSi2X9_-dP8g3I2rTHMtNeVo4lWCohxfnEZU0uw_R-g_8dJjhTzpe0OWiACkxoOjSq77QWrTZm6IYG9sxbpBNX-gj3jwb-zHPN51AlCC_ZQvbIsRbui-JnEjbFsoVFVEQ82ywOyfH325N9EayU18e1laxxZPQjKae8Usiml4YsatfacUSLEmWnZOv18BjGk-YBe_bKjm5YqjRzzvV5vp7D9gNTe_8F83hezQ:1tCGQ4:gnvrdWRBZfY0_bVolFcLRGsahc54Gs4k1LBUY9fB354",
    "expire_date": "2024-11-30T10:52:48.598Z"
  }
},
{
  "model": "sessions.session",
  "pk": "uv7nsk6mcq9ltdz07mfg0qj4jts6e8qk",
  "fields": {
    "session_data": ".eJxVj8FuxCAMRP_F5wgFEiDk2Pt-QVVFjnEaul1YBaK2Wu2_N7R72YtlzYyfxjdAorTHMuFeVo4lEJaQ4nThsiafYXy9wf8OI1wx56-0eWgAC4zSdr0yZrBO9MrqTncN7Jm3iBeu6TPc3xr4I09Vn0KFSHjSZqQzx2r4D4zvSVCKZQuzqBHxcLM4Jc-fL4_sE2DFvB7XpNhIx3JxqL1etJZsj1ZI0viWnJMklVSdVu1ihmPYBQ0PsudFk_PDXKGZc67P8_c1bD8wtvdf88xezQ:1tMo2U:LHi_M2BSLk5lBfjuOBZ-OuKpmY9TyasYQhhTMHGqU7M",
    "expire_date": "2024-12-29T12:48:02.282Z"
  }
},
{
  "model": "sessions.session",
  "pk": "v3xssk2frtluovi1cao5q55unsnagpja",
  "fields": {
    "session_data": ".eJxVj8tuwyAQRf9l1hbyYMCPZff5gqqyxjDUNA1EBiupovx7Q5tNdqN7zxzN3ICsTXssM-1l5ViCpRJSnE9c1uQyTO83-J9hgjPlfEmbgwaowIR9h6ozelBCtWaQyjSwZ94inbjSR7h_NPBnnms-hypBeMkWskeOtXBfFD-TsCmWLSyiIuLZZnFIjr_fnuyLYKW8PratZIMjox9JO-21Ru6V7Mmica0dR7QoUXZatv5xaut7T4YHVOy1Hd2wVGnmnOvzfD2H7Qem9v4L6x9eww:1tAvlO:VJzuya0pUX4ABh0lYJrtDo0GBO-AihvCsWOIwIjAIlc",
    "expire_date": "2024-11-26T18:37:18.743Z"
  }
},
{
  "model": "sessions.session",
  "pk": "vjlanab0790p87m5am9i37l6u0wnmbww",
  "fields": {
    "session_data": ".eJxVj0FuwyAQRe8yawsBNmC87D4nqCprDENN00BksJIqyt0b2myyGY3-f_OkuQE6l_dUZ9zrSqlGhzXmNJ-ortkXmN5v8L_DBGcs5ZI3Dx1ghUmYXkprjRqY6jXnqoO90JbwRA0-wv2jgz_x3PI5NoeAl2xBd6TUCv-F6TMzl1Pd4sIawp5tYYfs6fvtyb4IVizr49pJ0sKSCBaVV0EpQWaQBp3QnjtrhRNSyF5JHvT4GCagplEMFJSzflyatFAp7Xe6nuP2AxO__wKm0V6P:1tEYIk:K3A1N8jNheB7nbuorY0PLTIQw77gtG8eK_C154mh4Bo",
    "expire_date": "2024-12-06T18:22:42.335Z"
  }
},
{
  "model": "sessions.session",
  "pk": "vr25nb0naqr8k9alpww9eq39sejdt2j8",
  "fields": {
    "session_data": ".eJwlykEKgCAQBdC7_LVE0ZThVSJkMKEINXSkRXT3iHZv8W6wc6lGsVxl81F2x7KnaIOXLa0FZr7xGwYnl3KlvEKBBabTfUs0DpoaopYmPSrU4nPk4L994FmeF8kfIKw:1t6mCc:cX5wPPKwg0LYwJqqlNIVsQIKdBbmq7JpWg59jcjcTso",
    "expire_date": "2024-11-15T07:36:14.440Z"
  }
},
{
  "model": "sessions.session",
  "pk": "w41l8a6mrthrddropz15c788wo5py3o2",
  "fields": {
    "session_data": ".eJxVj8tuwyAQRf9l1hbiYcB42X2_oKqs4VXTNBAZrCaN8u8NbTbZje4990hzBXSu7LktuLc15JYctlTycgxtLb7C_HaF_xtmOGGt32XzMAA2mJkWgimmKSVGMcHZAHsNW8ZjuMOHH7i9D_AnXnq-pO4Q8JRZdIeQe-E_MX8U4kpuW7KkI-TRVvJafPh6ebBPghXrel-jE4xHyqXRVnsTlRBo9ChVsFLGCaOK0ygMl1Qor53mfBoNNaOWPgirbZfWUGv_PZxPabvATG-_hfld5Q:1tIAX1:Z5mgc6pAWFTkIuibzA-gpCm0YH1ucXcYoBfMdvp7ctE",
    "expire_date": "2024-12-16T17:48:23.418Z"
  }
},
{
  "model": "sessions.session",
  "pk": "w7q88wzflj7xba1q7yh0cexkxw5o7fro",
  "fields": {
    "session_data": ".eJxVj8FuwyAMht_F5wjFJJCQ4-59gmmKHDAL6wpVIGqnqu--svXSi2X9_-dP8g3I2rTHMtNeVo4lWCohxfnEZU0uw_R-g_8dJjhTzpe0OWiACkw4dKhGLdEIqbu2l30De-Yt0okrfYT7RwN_5rnmc6gShJdsIXvkWAv3RfEzCZti2cIiKiKebRaH5Pj77cm-CFbK6-PaStZoGL0h5ZRXCnno5UAWtWutMWhRouyUbL0eH2PwpHnEnr2yxo1LlWbOuT7P13PYfmBq77_kk167:1tBYg1:z3rTwVR8pOWHLcn1LdevFnrpW_NRwJ1NAMVtmMOc9uA",
    "expire_date": "2024-11-28T12:10:21.710Z"
  }
},
{
  "model": "sessions.session",
  "pk": "wjtjblyk8wotwds3nmyqzpjzakp0wrpd",
  "fields": {
    "session_data": ".eJxVjEEOwiAQRe_C2hCkhem4dN8zNAzMSNVAUtqV8e7apAvd_vfef6kpbGuetsbLNCd1UahOvxuF-OCyg3QP5VZ1rGVdZtK7og_a9FgTP6-H-3eQQ8vf2lMIEC042xvhiH5wQGKod8RdEnuO1sqQGIGQiADEYwdivHFoLLF6fwD75zhH:1tsErA:Dge3tfuLHZUjfuAWldvM6jdpjOAOZv3INrhajaDx1R4",
    "expire_date": "2025-03-26T05:42:16.031Z"
  }
},
{
  "model": "sessions.session",
  "pk": "wmoetnrj0gnyg943u0p5dzbdspvz64rf",
  "fields": {
    "session_data": ".eJxVj8FuwyAQRP9lzxbykgDGx97zBVVlrWGpaRqIDFZbRfn3mjaXXFarmdmn2RuQc3lLdaKtLpxqdFRjTtOF65J9gfH1Bv87jHClUr7y6qEDqjCiOUg0OGgpUB4Mat3BVnhNdOGWPsP9rYM_8tT0KTYIwpM2kztzaob_oPSehcuprnEWLSIebhGn7Pnz5ZF9AixUlv3aSdZoGYMl5VVQCtkcpSGH2vfOWnQo95ZK9kEP-zCBNA945KCc9cPcoIVLac_z9zWuPzD291_kVF67:1tE11t:iMXOOcBq3whDcBYHI37JpfzrcaV8SX7bp6kGYYQC98E",
    "expire_date": "2024-12-05T06:51:05.147Z"
  }
},
{
  "model": "sessions.session",
  "pk": "wn3tanjolkjgecukkd3wjbv04l6yep7t",
  "fields": {
    "session_data": ".eJydkd1OwzAMhd_F11WUND9uesk9T4BQ5aUuC3Tp1LSwadq7044JNG5Au7N8zueT2CegEIY5TQ3N05bTFANNcUjNjqft0Gaon07wVUMNe8r5YxhbKIAmqBWa0urS2Uo4VaGUtoA585hox4ub3uBc_E17LaQuK-XMHTQaKTzKqlJ4B72ECqMqbX9l7_9Da2eccA69Qn1Dj9T3x8QHOD8X0GTOeV0oH_ZxPEIti--Vv_MYu8htwzuKPdRp7vsfdZ24_mQJvRzn0mji-h4lb5sbCm-cVqV9pfQyiDCkaYwbsVrEVc3icWi5f7h6bwZsKW8XWuvOlKFCqyzqjWQrO0vkpC8DWWnJY-tl57q2067UiIaDVB7RB8MejYbzJ46MuwY:1tvUbO:C9NKx9mETztCDlnxas0wzXsUFOuisUyQvffKDQOqW5s",
    "expire_date": "2025-04-04T05:07:26.717Z"
  }
},
{
  "model": "sessions.session",
  "pk": "wud0icy2odel8ue68bx884y7yqlibsb9",
  "fields": {
    "session_data": ".eJxVj0tuwzAMBe_CtWGYivXzsvucoCgMWqJqNY0UWDLaIsjdG7XZZEMQ7w0H4BXIubynOtNeV041Oqoxp_nMdc2-wPR6hf8dJrhQKV9589ABVZhQH1CPg0DVj1ZLaUwHe-Et0ZkbfYLbWwd_5rnlc2wShKdsIXfi1Ar_Qek99y6nusWlb0j_aEt_zJ4_Xx7sk2Clst6vnWCFljFYkl4GKZH1KDQ5VH5w1qJDgeIgxRCUuQ8dSLHBkYN01pulSQuX0p7n70vcfmAabr_v4V7J:1tCCjq:xYJ-6lNne3p5XEJPLwJOyi95utwfAMVvydVBcB0jU2I",
    "expire_date": "2024-11-30T06:56:58.780Z"
  }
},
{
  "model": "sessions.session",
  "pk": "xl9rrmlqva3gpget0ykv2b0vza3a9qfe",
  "fields": {
    "session_data": ".eJxVj8FuwyAMht_F5whhUkLIcfc-wTRFDpiFdYUqEG1T1Xdf2XrpxbL-__Mn-QrkXN5TnWmvK6caHdWY03zmumZfYHq9wv8OE1yolK-8eeiAKkxoemnRSI1CWmN608FeeEt05gaf4PbWwZ94bvkcmwPhKVvInTi1wn9Qes_C5VS3uIiGiEdbxDF7_nx5sE-Clcp6v3aKB7SMwZL2OmiNbA7KkMPBS2ctOlSoeq1kGMb7MIEGHvHAQTvrx6VJC5fSfufvS9x-YJK3X6WMXo4:1t8kb0:xblb7gvPhxFqc-KUOvxgsfhvVhCsBIkFbR7LZZfUMZ4",
    "expire_date": "2024-11-20T18:17:34.078Z"
  }
},
{
  "model": "sessions.session",
  "pk": "yjhk6q8k8cy7cghtrkac5r93ya5ukqee",
  "fields": {
    "session_data": ".eJxVkMFuwyAMQP_F5whBgFBy3L1fME2RA87ClkIFRGtV9d9Xtl56s_ye38E3QOfSHuuEe10p1uCwhhSnE9U1-QLj-w3-ZxjhjKX8pOyhA6wwCqN6o61Vih2k4Ep3sBfKEU_0kDNu2zXSBe4fHfzlp0an0EqCw8tyRvdNsRH_hfEzMZdizWFmTWFPWtgxedrenu5LYMWyPq6lXFTvDkYLbeTMSfNFIw7c9g4112iNt3wZFr_IoZfGKHJcWGOsU2SNki1aqJT2ArqcQ77CyO-_iVxgow:1twRTM:tfa0-pS-dvlZqom3REdB5c05iqzjMzKyb5oQjbT8WQE",
    "expire_date": "2025-04-06T19:59:04.867Z"
  }
},
{
  "model": "sessions.session",
  "pk": "yxpis5rx2hjpon91e80oo1og539sz94o",
  "fields": {
    "session_data": ".eJxVj8FuwyAMht_F5wjFJISQ4-59gmmKHDAL6wpVIGqnqu--svXSi2X9_-dP8g3I2rTHMtNeVo4lWCohxfnEZU0uw_R-g_8dJjhTzpe0OWiACkyoOymx71CJvpNGt6qBPfMW6cSVPsL9o4E_81zzOVQJwku2kD1yrIX7oviZhE2xbGERFRHPNotDcvz99mRfBCvl9XFtJQ9oGL0h5ZRXCln3UpPFwbXWGLQoUXZKtn4YH0N7GnjEnr2yxo1LlWbOuT7P13PYfmBq77_f-F62:1tEC5K:Sd3NvCISChmEZO6UaFrZhti90UgsQ2xo1hKtd-vj1Ao",
    "expire_date": "2024-12-05T18:39:22.011Z"
  }
},
{
  "model": "sessions.session",
  "pk": "yzqi0g3qn13srqqg91kjip0wxnvn91zn",
  "fields": {
    "session_data": ".eJxVj8FuwyAMht_F5wjFIUDIcfc-wTRFDpgl6wpVIGqnqu--svXSi2X9_-dP8g3IubTHMtFeFo5ldVTWFKcTlyX5DOP7Df53GOFMOV_S5qEBKjCikRKtbgcjtJS9tKqBPfMW6cSVPsL9o4E_81Tzaa0ShJdsJnfkWAv_RfEzCZdi2dZZVEQ82ywOyfP325N9ESyUl8e161ijZQyWlFdBKWTTd4Ycat86a9Fhh51UXRv08BgmkOYBew7KWT_MVZo55_o8X8_r9gNje_8F8DheyQ:1tIJTd:a4cBGHV4OT9MUbPUopwe2WrP7y_17ZuFvAMuVxFCelQ",
    "expire_date": "2024-12-17T03:21:29.756Z"
  }
},
{
  "model": "sessions.session",
  "pk": "z0d59pcz9xx6gz3u79zxbsitl5ihm1t4",
  "fields": {
    "session_data": ".eJxVj8FuwyAMht_F5wjFJBDIcfc-wTRFDpgl6wpVIGqnqu--svXSi2X9_-dP8g3IubTHMtFeFo5ldVTWFKcTlyX5DOP7Df53GOFMOV_S5qEBKjDi0Endm85oYQc00jSwZ94inbjCR7h_NPAnnmo-rdWB8JLN5I4ca-G_KH4m4VIs2zqLiohnm8Uhef5-e7IvgoXy8rh2kjVaxmBJeRWUQh56OZBD7VtnLTqUKDsl26DNYwyBNBvsOShnvZmrNHPO9Xe-ntftB8b2_guzN16e:1tG0zl:QXOU11E9y4_1ah8jh89NtS4Pp0tEIQm0BpVXIKUYgXk",
    "expire_date": "2024-12-10T19:13:09.173Z"
  }
},
{
  "model": "sessions.session",
  "pk": "z800o6a5j3uah5jwvp03jpwxgne3pevy",
  "fields": {
    "session_data": ".eJxVj0tuwzAMBe_CtSGYcvTzsvucoCgMWqJrNY0UWDLaIsjdG7XZZEMQ7w0H4BXI-7ynOtFeV041eqoxp-nMdc2hwPh6hf8dRrhQKV95C9ABVRjRDL3SxlgpJLrBKuxgL7wlOnOjT3B76-DPPLV8ik2C8JTN5E-cWhE-KL1n4XOqW5xFQ8SjLeKYA3--PNgnwUplvV97yRod4-JIBbUohWwO0pBHHXrvHHqUKAcl-0Xb-zALabZ44EV5F-zcpIVLac_z9yVuPzD2t1_tyl7G:1t7Hjc:tp1oF9-47dCdzSHB57_m1LExpI-_LGicQ9rlTz_uEgs",
    "expire_date": "2024-11-16T17:16:24.942Z"
  }
},
{
  "model": "sessions.session",
  "pk": "zbgbrhbpuu4omom757emlcv9vqsi1tbc",
  "fields": {
    "session_data": ".eJxVj8FugzAMht_FZxThQIBw3L1PME3IOGZkXZOKBLVT1Xdfs_XSi2X9_-dP8g2IOe4hT7TnVUL2TNnHMJ0kr9ElGN9v8L_DCGdK6RI3BxVQhhH7Rte2bXBQGrva9kMFe5It0EkKfYT7RwV_5qnkky8ShJdsJj5KKIX7ovAZFceQNz-rgqhnm9QhOvl-e7IvgpXS-rhmLR1awcWScWYxBqVvdU-MnavZWmTUqBuj66UbHqNfqJMBW1kMWzfMRZokpfK8XM9--4Gxvv8C6hhewg:1tDgrA:ToPkMC4tddsowUVmI8QBK2uaM7GKXaeQbbMb75YFaTA",
    "expire_date": "2024-12-04T09:18:40.607Z"
  }
},
{
  "model": "sessions.session",
  "pk": "zeyf57xh2d61j7jebo9y2lupxno5l76p",
  "fields": {
    "session_data": ".eJxVj81uwyAQhN9lz5YFxPz52HueoKqsNSw1TQORwUqqKO9e0-aSy2o1M_tp9g7oXN5SnXCrC6UaHdaY03SmumRfYHy_w_8OI1ywlGtePXSAFUauD1wctJKsZ0IPRpsOtkJrwjO19AkeHx38kaemT7FBOLxoM7oTpWb4L0yfuXc51TXOfYv0T7f0x-zp--2ZfQEsWJb92glS3BIPFqWXQUpOehAaHVeeOWu542JvKwULyuxDB1Rk-EBBOuvN3KCFSmnP0-0S1x8Y2eMX6gZewg:1tA607:y3LyywAVI_Bb78aCQSJtg5-xsNOsJxFGsWTKQQagMvc",
    "expire_date": "2024-11-24T11:21:03.495Z"
  }
},
{
  "model": "sessions.session",
  "pk": "zorp1ize3rq09bonf4pyzs7zuyewo9x7",
  "fields": {
    "session_data": ".eJxVj8FuwyAMht_F5whhGkLIcfc-wTRFDpiFdYUqEG1T1Xdf2XrpxbL-__Mn-QrkXN5TnWmvK6caHdWY03zmumZfYHq9wv8OE1yolK-8eeiAKkxoDqilsaYXqK3UtoO98JbozA0-we2tgz_x3PI5NgfCU7aQO3Fqhf-g9J6Fy6lucRENEY-2iGP2_PnyYJ8EK5X1fu0UD2gZgyXtddAa2fTKkMPBS2ctOlSoDlrJMIz3YQINPGLPQTvrx6VJC5fSfufvS9x-YJK3X6qvXpQ:1tBEJz:myl4tFlRf5nLnMXzhKJ9D28Ob4CBZql2Ngsjht4YLZQ",
    "expire_date": "2024-11-27T14:26:15.959Z"
  }
},
{
  "model": "sessions.session",
  "pk": "zp673bmquw6jsfswykfc2y42wo3se5wl",
  "fields": {
    "session_data": ".eJwlykEKgCAQBdC7_HVEGqJ4lQgZTCgiDR1pId49ot1bvAbyPtXIjirvIfLhiY8U3RV4T1uBXRp-w-KmUp6UNwwghhV6FkZLKdQotJqMMgNqCTnSFb59oq_9BcjUIKk:1tCl4p:A5bImgcduRSfGW1Kv6DXwKDFED3cppkdOhwDdKIMGZ0",
    "expire_date": "2024-12-01T19:36:55.175Z"
  }
},
{
  "model": "sites.site",
  "pk": 1,
  "fields": {
    "domain": "example.com",
    "name": "example.com"
  }
},
{
  "model": "account.emailaddress",
  "pk": 1,
  "fields": {
    "user": 3,
    "email": "kz@gmail.com",
    "verified": false,
    "primary": true
  }
},
{
  "model": "account.emailaddress",
  "pk": 2,
  "fields": {
    "user": 4,
    "email": "test@gmail.com",
    "verified": false,
    "primary": true
  }
},
{
  "model": "account.emailaddress",
  "pk": 3,
  "fields": {
    "user": 5,
    "email": "op@gmail.com",
    "verified": false,
    "primary": true
  }
},
{
  "model": "account.emailaddress",
  "pk": 4,
  "fields": {
    "user": 6,
    "email": "jk@gmail.com",
    "verified": false,
    "primary": true
  }
},
{
  "model": "account.emailaddress",
  "pk": 5,
  "fields": {
    "user": 7,
    "email": "hj@gmail.com",
    "verified": false,
    "primary": true
  }
},
{
  "model": "account.emailaddress",
  "pk": 6,
  "fields": {
    "user": 8,
    "email": "cv@gmail.com",
    "verified": false,
    "primary": true
  }
},
{
  "model": "account.emailaddress",
  "pk": 7,
  "fields": {
    "user": 9,
    "email": "ak@gmail.com",
    "verified": false,
    "primary": false
  }
},
{
  "model": "account.emailaddress",
  "pk": 8,
  "fields": {
    "user": 1,
    "email": "pk@gmail.com",
    "verified": false,
    "primary": false
  }
},
{
  "model": "account.emailaddress",
  "pk": 9,
  "fields": {
    "user": 10,
    "email": "rallynex1@gmail.com",
    "verified": true,
    "primary": true
  }
},
{
  "model": "main.profile",
  "pk": 1,
  "fields": {
    "user": 1,
    "image": "profile_pics/images_1.jpg",
    "bio": "With a passion for bringing ideas to life and helping communities grow, Kisoro Ashraf Colline has been actively involved in managing successful crowdfunding campaigns across various sectors. As a digital marketer and community advocate, Kisoro specializes in creating impactful campaigns that resonate with backers and bring meaningful projects to life. With a background in campaign management, content creation, and digital strategy, Kisoro is committed to using innovative methods to fund education, creative endeavors, and social causes.",
    "contact": "",
    "location": "",
    "highest_level_of_education": "",
    "date_of_birth": null,
    "gender": "",
    "last_campaign_check": "2024-12-15T19:51:41.905Z",
    "last_chat_check": "2024-12-03T08:28:38.118Z",
    "profile_verified": true,
    "campaigns": [
      1,
      2,
      3,
      6,
      7,
      9
    ],
    "following": [],
    "followers": []
  }
},
{
  "model": "main.profile",
  "pk": 2,
  "fields": {
    "user": 3,
    "image": "profile_pics/pp.png",
    "bio": "No bio available",
    "contact": "",
    "location": "",
    "highest_level_of_education": "",
    "date_of_birth": null,
    "gender": "",
    "last_campaign_check": "2025-03-27T08:13:03.169Z",
    "last_chat_check": "2024-12-03T07:56:05.031Z",
    "profile_verified": true,
    "campaigns": [
      1,
      6,
      8
    ],
    "following": [],
    "followers": []
  }
},
{
  "model": "main.profile",
  "pk": 3,
  "fields": {
    "user": 4,
    "image": "profile_pics/pp.png",
    "bio": "No bio available",
    "contact": "",
    "location": "",
    "highest_level_of_education": "",
    "date_of_birth": null,
    "gender": "",
    "last_campaign_check": "2024-11-05T18:02:22.748Z",
    "last_chat_check": "2024-11-03T18:56:11.837Z",
    "profile_verified": false,
    "campaigns": [],
    "following": [],
    "followers": []
  }
},
{
  "model": "main.profile",
  "pk": 4,
  "fields": {
    "user": 5,
    "image": "profile_pics/pp.png",
    "bio": "No bio available",
    "contact": "",
    "location": "",
    "highest_level_of_education": "",
    "date_of_birth": null,
    "gender": "",
    "last_campaign_check": "2024-12-09T14:46:45.572Z",
    "last_chat_check": "2024-12-02T16:32:33.482Z",
    "profile_verified": true,
    "campaigns": [],
    "following": [],
    "followers": []
  }
},
{
  "model": "main.profile",
  "pk": 5,
  "fields": {
    "user": 6,
    "image": "profile_pics/ak.jpg",
    "bio": "No bio available",
    "contact": "",
    "location": "",
    "highest_level_of_education": "",
    "date_of_birth": null,
    "gender": "",
    "last_campaign_check": "2025-03-21T06:30:35.983Z",
    "last_chat_check": "2024-12-03T18:24:13Z",
    "profile_verified": true,
    "campaigns": [
      10,
      12
    ],
    "following": [],
    "followers": []
  }
},
{
  "model": "main.profile",
  "pk": 6,
  "fields": {
    "user": 7,
    "image": "profile_pics/pp.png",
    "bio": "No bio available",
    "contact": "",
    "location": "",
    "highest_level_of_education": "",
    "date_of_birth": null,
    "gender": "",
    "last_campaign_check": "2024-12-15T12:35:17.553Z",
    "last_chat_check": "2024-12-09T15:03:32Z",
    "profile_verified": true,
    "campaigns": [],
    "following": [],
    "followers": []
  }
},
{
  "model": "main.profile",
  "pk": 7,
  "fields": {
    "user": 8,
    "image": "profile_pics/pp.png",
    "bio": "No bio available",
    "contact": "",
    "location": "",
    "highest_level_of_education": "",
    "date_of_birth": null,
    "gender": "",
    "last_campaign_check": "2024-12-09T18:39:43.109Z",
    "last_chat_check": "2024-12-09T18:33:22Z",
    "profile_verified": true,
    "campaigns": [],
    "following": [],
    "followers": []
  }
},
{
  "model": "main.profile",
  "pk": 8,
  "fields": {
    "user": 9,
    "image": "profile_pics/pp.png",
    "bio": "No bio available",
    "contact": "",
    "location": "",
    "highest_level_of_education": "",
    "date_of_birth": null,
    "gender": "",
    "last_campaign_check": "2025-03-27T20:17:29.889Z",
    "last_chat_check": "2025-03-27T08:13:08.457Z",
    "profile_verified": false,
    "campaigns": [
      3
    ],
    "following": [],
    "followers": []
  }
},
{
  "model": "main.profile",
  "pk": 9,
  "fields": {
    "user": 10,
    "image": "profile_pics/pp.png",
    "bio": "No bio available",
    "contact": "",
    "location": "",
    "highest_level_of_education": "",
    "date_of_birth": null,
    "gender": "",
    "last_campaign_check": "2025-03-27T20:34:49.217Z",
    "last_chat_check": "2025-03-27T04:37:16.294Z",
    "profile_verified": false,
    "campaigns": [
      12,
      14,
      15,
      16
    ],
    "following": [],
    "followers": []
  }
},
{
  "model": "main.userverification",
  "pk": 1,
  "fields": {
    "user": 6,
    "document_type": "Business Certificate",
    "document": "verification_docs/5f05e90b465b13952f3557f15756342e_87253a.webp",
    "submission_date": "2024-12-09T14:49:29Z",
    "status": "Approved",
    "rejection_reason": "your verification is rejected",
    "verified_on": "2024-12-09T14:53:40Z"
  }
},
{
  "model": "main.userverification",
  "pk": 2,
  "fields": {
    "user": 7,
    "document_type": "National ID",
    "document": "verification_docs/5f05e90b465b13952f3557f15756342e_87253a.webp",
    "submission_date": "2024-12-09T17:07:43Z",
    "status": "Approved",
    "rejection_reason": "Could you provide more context about what youre asking? Are you looking for common reasons for rejection (e.g., in job applications, loan applications, software submissions), or are you dealing with a specific rejection? Let me know so I can provide a detailed response.",
    "verified_on": "2024-12-09T18:31:40.599Z"
  }
},
{
  "model": "main.userverification",
  "pk": 3,
  "fields": {
    "user": 8,
    "document_type": "National ID",
    "document": "verification_docs/5f05e90b465b13952f3557f15756342e_87253a.webp",
    "submission_date": "2024-12-09T18:35:56Z",
    "status": "Approved",
    "rejection_reason": "wa",
    "verified_on": "2024-12-09T18:38:14.540Z"
  }
},
{
  "model": "main.follow",
  "pk": 4,
  "fields": {
    "follower": 3,
    "followed": 1
  }
},
{
  "model": "main.follow",
  "pk": 5,
  "fields": {
    "follower": 1,
    "followed": 3
  }
},
{
  "model": "main.follow",
  "pk": 7,
  "fields": {
    "follower": 6,
    "followed": 1
  }
},
{
  "model": "main.follow",
  "pk": 8,
  "fields": {
    "follower": 6,
    "followed": 3
  }
},
{
  "model": "main.follow",
  "pk": 9,
  "fields": {
    "follower": 6,
    "followed": 5
  }
},
{
  "model": "main.follow",
  "pk": 11,
  "fields": {
    "follower": 10,
    "followed": 6
  }
},
{
  "model": "main.follow",
  "pk": 12,
  "fields": {
    "follower": 9,
    "followed": 3
  }
},
{
  "model": "main.brainstorming",
  "pk": 1,
  "fields": {
    "idea": "<p>yo</p>",
    "attachment": "",
    "supporter": 1,
    "campaign": 6
  }
},
{
  "model": "main.brainstorming",
  "pk": 2,
  "fields": {
    "idea": "<p>yo</p>",
    "attachment": "",
    "supporter": 1,
    "campaign": 6
  }
},
{
  "model": "main.brainstorming",
  "pk": 3,
  "fields": {
    "idea": "<p>yo</p>",
    "attachment": "",
    "supporter": 1,
    "campaign": 6
  }
},
{
  "model": "main.brainstorming",
  "pk": 4,
  "fields": {
    "idea": "<p>yo</p>",
    "attachment": "",
    "supporter": 1,
    "campaign": 6
  }
},
{
  "model": "main.brainstorming",
  "pk": 5,
  "fields": {
    "idea": "<p>yo</p>",
    "attachment": "",
    "supporter": 1,
    "campaign": 6
  }
},
{
  "model": "main.brainstorming",
  "pk": 6,
  "fields": {
    "idea": "<p>yo</p>",
    "attachment": "",
    "supporter": 1,
    "campaign": 6
  }
},
{
  "model": "main.brainstorming",
  "pk": 7,
  "fields": {
    "idea": "<p>yo</p>",
    "attachment": "",
    "supporter": 1,
    "campaign": 6
  }
},
{
  "model": "main.brainstorming",
  "pk": 8,
  "fields": {
    "idea": "<p>yo</p>",
    "attachment": "",
    "supporter": 1,
    "campaign": 6
  }
},
{
  "model": "main.brainstorming",
  "pk": 9,
  "fields": {
    "idea": "<p>yo</p>",
    "attachment": "",
    "supporter": 1,
    "campaign": 6
  }
},
{
  "model": "main.brainstorming",
  "pk": 10,
  "fields": {
    "idea": "<p>yo</p>",
    "attachment": "",
    "supporter": 1,
    "campaign": 6
  }
},
{
  "model": "main.brainstorming",
  "pk": 11,
  "fields": {
    "idea": "<p>yo</p>",
    "attachment": "",
    "supporter": 1,
    "campaign": 6
  }
},
{
  "model": "main.brainstorming",
  "pk": 12,
  "fields": {
    "idea": "a  allalal aa",
    "attachment": "",
    "supporter": 1,
    "campaign": 6
  }
},
{
  "model": "main.brainstorming",
  "pk": 13,
  "fields": {
    "idea": "a  allalal aa",
    "attachment": "",
    "supporter": 1,
    "campaign": 6
  }
},
{
  "model": "main.brainstorming",
  "pk": 14,
  "fields": {
    "idea": "a  allalal aa",
    "attachment": "",
    "supporter": 1,
    "campaign": 6
  }
},
{
  "model": "main.brainstorming",
  "pk": 15,
  "fields": {
    "idea": "a  allalal aa",
    "attachment": "",
    "supporter": 1,
    "campaign": 6
  }
},
{
  "model": "main.brainstorming",
  "pk": 16,
  "fields": {
    "idea": "a  allalal aa",
    "attachment": "",
    "supporter": 1,
    "campaign": 6
  }
},
{
  "model": "main.brainstorming",
  "pk": 17,
  "fields": {
    "idea": "a  allalal aa",
    "attachment": "",
    "supporter": 1,
    "campaign": 6
  }
},
{
  "model": "main.brainstorming",
  "pk": 18,
  "fields": {
    "idea": "a  allalal aa",
    "attachment": "",
    "supporter": 1,
    "campaign": 6
  }
},
{
  "model": "main.brainstorming",
  "pk": 19,
  "fields": {
    "idea": "a  allalal aa",
    "attachment": "",
    "supporter": 1,
    "campaign": 6
  }
},
{
  "model": "main.brainstorming",
  "pk": 20,
  "fields": {
    "idea": "a  allalal aa",
    "attachment": "",
    "supporter": 1,
    "campaign": 6
  }
},
{
  "model": "main.brainstorming",
  "pk": 21,
  "fields": {
    "idea": "a  allalal aa",
    "attachment": "",
    "supporter": 1,
    "campaign": 6
  }
},
{
  "model": "main.brainstorming",
  "pk": 22,
  "fields": {
    "idea": "a  allalal aa",
    "attachment": "",
    "supporter": 1,
    "campaign": 6
  }
},
{
  "model": "main.brainstorming",
  "pk": 23,
  "fields": {
    "idea": "a  allalal aa",
    "attachment": "",
    "supporter": 1,
    "campaign": 6
  }
},
{
  "model": "main.brainstorming",
  "pk": 24,
  "fields": {
    "idea": "a  allalal aa",
    "attachment": "",
    "supporter": 1,
    "campaign": 6
  }
},
{
  "model": "main.brainstorming",
  "pk": 25,
  "fields": {
    "idea": "a  allalal aa",
    "attachment": "",
    "supporter": 1,
    "campaign": 6
  }
},
{
  "model": "main.brainstorming",
  "pk": 26,
  "fields": {
    "idea": "a  allalal aa",
    "attachment": "",
    "supporter": 1,
    "campaign": 6
  }
},
{
  "model": "main.brainstorming",
  "pk": 27,
  "fields": {
    "idea": "a  allalal aa",
    "attachment": "",
    "supporter": 1,
    "campaign": 6
  }
},
{
  "model": "main.brainstorming",
  "pk": 28,
  "fields": {
    "idea": "my",
    "attachment": "",
    "supporter": 1,
    "campaign": 6
  }
},
{
  "model": "main.brainstorming",
  "pk": 29,
  "fields": {
    "idea": "my",
    "attachment": "",
    "supporter": 1,
    "campaign": 6
  }
},
{
  "model": "main.brainstorming",
  "pk": 30,
  "fields": {
    "idea": "kkkk",
    "attachment": "",
    "supporter": 1,
    "campaign": 6
  }
},
{
  "model": "main.brainstorming",
  "pk": 31,
  "fields": {
    "idea": "kkkk",
    "attachment": "",
    "supporter": 1,
    "campaign": 6
  }
},
{
  "model": "main.brainstorming",
  "pk": 32,
  "fields": {
    "idea": "ssssssss",
    "attachment": "",
    "supporter": 1,
    "campaign": 6
  }
},
{
  "model": "main.brainstorming",
  "pk": 33,
  "fields": {
    "idea": "ssaaaaaa",
    "attachment": "",
    "supporter": 1,
    "campaign": 6
  }
},
{
  "model": "main.brainstorming",
  "pk": 34,
  "fields": {
    "idea": "ssaaaaaa",
    "attachment": "",
    "supporter": 1,
    "campaign": 6
  }
},
{
  "model": "main.brainstorming",
  "pk": 35,
  "fields": {
    "idea": "ssaaaaaa",
    "attachment": "",
    "supporter": 1,
    "campaign": 6
  }
},
{
  "model": "main.brainstorming",
  "pk": 36,
  "fields": {
    "idea": "ssaaaaaa",
    "attachment": "",
    "supporter": 1,
    "campaign": 6
  }
},
{
  "model": "main.brainstorming",
  "pk": 37,
  "fields": {
    "idea": "ssaaaaaa",
    "attachment": "",
    "supporter": 1,
    "campaign": 6
  }
},
{
  "model": "main.brainstorming",
  "pk": 38,
  "fields": {
    "idea": "ssaaaaaa",
    "attachment": "",
    "supporter": 1,
    "campaign": 6
  }
},
{
  "model": "main.brainstorming",
  "pk": 39,
  "fields": {
    "idea": "ssaaaaaa",
    "attachment": "",
    "supporter": 1,
    "campaign": 6
  }
},
{
  "model": "main.brainstorming",
  "pk": 40,
  "fields": {
    "idea": "ssaaaaaa",
    "attachment": "",
    "supporter": 1,
    "campaign": 6
  }
},
{
  "model": "main.brainstorming",
  "pk": 41,
  "fields": {
    "idea": "ssaaaaaa",
    "attachment": "",
    "supporter": 1,
    "campaign": 6
  }
},
{
  "model": "main.brainstorming",
  "pk": 42,
  "fields": {
    "idea": "ssaaaaaa",
    "attachment": "",
    "supporter": 1,
    "campaign": 6
  }
},
{
  "model": "main.brainstorming",
  "pk": 43,
  "fields": {
    "idea": "ssaaaaaa",
    "attachment": "",
    "supporter": 1,
    "campaign": 6
  }
},
{
  "model": "main.brainstorming",
  "pk": 44,
  "fields": {
    "idea": "ssaaaaaa",
    "attachment": "",
    "supporter": 1,
    "campaign": 6
  }
},
{
  "model": "main.brainstorming",
  "pk": 45,
  "fields": {
    "idea": "ssaaaaaa",
    "attachment": "",
    "supporter": 1,
    "campaign": 6
  }
},
{
  "model": "main.brainstorming",
  "pk": 46,
  "fields": {
    "idea": "ssaaaaaa",
    "attachment": "",
    "supporter": 1,
    "campaign": 6
  }
},
{
  "model": "main.brainstorming",
  "pk": 47,
  "fields": {
    "idea": "ssaaaaaa",
    "attachment": "",
    "supporter": 1,
    "campaign": 6
  }
},
{
  "model": "main.brainstorming",
  "pk": 48,
  "fields": {
    "idea": "ssssssss",
    "attachment": "",
    "supporter": 1,
    "campaign": 6
  }
},
{
  "model": "main.brainstorming",
  "pk": 49,
  "fields": {
    "idea": "ssssssss",
    "attachment": "",
    "supporter": 1,
    "campaign": 6
  }
},
{
  "model": "main.brainstorming",
  "pk": 50,
  "fields": {
    "idea": "ssssssss",
    "attachment": "",
    "supporter": 1,
    "campaign": 6
  }
},
{
  "model": "main.brainstorming",
  "pk": 51,
  "fields": {
    "idea": "ssssssss",
    "attachment": "",
    "supporter": 1,
    "campaign": 6
  }
},
{
  "model": "main.brainstorming",
  "pk": 52,
  "fields": {
    "idea": "ssssssss",
    "attachment": "",
    "supporter": 1,
    "campaign": 6
  }
},
{
  "model": "main.brainstorming",
  "pk": 53,
  "fields": {
    "idea": "wow",
    "attachment": "",
    "supporter": 1,
    "campaign": 6
  }
},
{
  "model": "main.brainstorming",
  "pk": 54,
  "fields": {
    "idea": "wow",
    "attachment": "",
    "supporter": 1,
    "campaign": 6
  }
},
{
  "model": "main.brainstorming",
  "pk": 55,
  "fields": {
    "idea": "Creative Arts and Crafts\r\n\r\n    Painting or Drawing: Explore different mediums like watercolor, charcoal, or digital art. You can follow tutorials or try your hand at abstract work.\r\n    Pottery: Get your hands dirty making bowls, mugs, and sculptures. Many pottery studios offer beginner classes.\r\n    Embroidery or Cross-Stitching: Learn intricate stitching patterns to create unique designs on fabric.\r\n    Origami: The art of paper folding can be a relaxing yet challenging hobby.\r\n    DIY Home Decor: Create your own furniture, wall art, or upcycle old pieces with a fresh coat of paint or new materials.\r\n\r\n2. Outdoor and Nature Activities\r\n\r\n    Hiking and Nature Walking: Explore local trails, parks, or nature reserves and connect with the outdoors.\r\n    Birdwatching: Learn to identify local bird species and keep a nature journal of your sightings.\r\n    Gardening: Grow flowers, vegetables, or even a small herb garden. It's rewarding to watch something you plant thrive.\r\n    Foraging: Learn about edible plants and wild foods in your area. Always research safely before consuming anything.\r\n    Rock Climbing: If you're looking for a physical challenge, try indoor climbing gyms or outdoor climbing with a guide.\r\n\r\n3. Mind and Body Wellness\r\n\r\n    Yoga or Pilates: Great for flexibility, strength, and mindfulness. You can join a class or follow online tutorials.\r\n    Meditation or Mindfulness: Learn techniques to calm your mind, such as breathing exercises, guided meditations, or visualization.\r\n    Tai Chi: A gentle martial art that helps with balance, coordination, and mental clarity.\r\n    Dance: Whether it's ballet, hip-hop, salsa, or even contemporary, dancing is fun and a good form of exercise.\r\n    Journaling or Writing: Start a gratitude journal, creative writing, or blogging about a subject that excites you.\r\n\r\n4. Skill-Based Activities\r\n\r\n    Cooking or Baking: Try mastering a new cuisine or learning to bake intricate pastries, bread, or cakes.\r\n    Learning a New Language: Pick a language you're interested in and use apps, books, or tutors to guide you.\r\n    Photography: Explore the world of photography, whether its taking portraits, landscapes, or abstract shots.\r\n    Coding or Game Development: Learn the basics of programming or dive into making your own games or apps.\r\n    Woodworking or Carpentry: Build small projects like furniture, shelves, or custom home decor.\r\n\r\n5. Social and Intellectual Hobbies\r\n\r\n    Board Games or Tabletop RPGs: Gather friends for a strategic or creative gaming session, like Settlers of Catan or Dungeons & Dragons.\r\n    Puzzle Solving: Try jigsaw puzzles, crosswords, or even escape room challenges at home.\r\n    Volunteering: Find a cause you care about and contribute your time, whether its helping in shelters, animal care, or community organizations.\r\n    Podcasting or YouTube: Share your thoughts on a subject you're passionate about or start a series about a topic that interests you.\r\n    Public Speaking or Toastmasters: Develop your communication and presentation skills.\r\n\r\n6. Tech and Digital Hobbies\r\n\r\n    Video Editing or Animation: Learn how to create content, edit videos, or make animated shorts.\r\n    3D Printing: Design and print 3D objects. You can start with small, functional items like phone stands or create intricate art pieces.\r\n    Virtual Reality (VR) Gaming: Explore immersive virtual worlds or learn how to build your own VR experiences.\r\n\r\n7. Collecting\r\n\r\n    Collecting Vintage Items: Whether its stamps, coins, or rare books, starting a collection can be both exciting and educational.\r\n    Antique Restoration: Restore old furniture, antiques, or collectibles to give them a new life.\r\n    Action Figures or Comics: Start building a collection of your favorite superheroes or pop culture figures.\r\n\r\n8. Sustainable Living\r\n\r\n    Zero-Waste Lifestyle: Experiment with reducing waste in your daily life by making eco-friendly products or shopping sustainably.\r\n    Beekeeping: Learn the art of beekeeping and help protect pollinators while harvesting honey.\r\n    Candle Making: Create unique, eco-friendly candles using natural materials.\r\n    Soap Making: Craft your own soaps, experimenting with scents, colors, and textures.",
    "attachment": "",
    "supporter": 1,
    "campaign": 6
  }
},
{
  "model": "main.brainstorming",
  "pk": 56,
  "fields": {
    "idea": "Creative Arts and Crafts\r\n\r\n    Painting or Drawing: Explore different mediums like watercolor, charcoal, or digital art. You can follow tutorials or try your hand at abstract work.\r\n    Pottery: Get your hands dirty making bowls, mugs, and sculptures. Many pottery studios offer beginner classes.\r\n    Embroidery or Cross-Stitching: Learn intricate stitching patterns to create unique designs on fabric.\r\n    Origami: The art of paper folding can be a relaxing yet challenging hobby.\r\n    DIY Home Decor: Create your own furniture, wall art, or upcycle old pieces with a fresh coat of paint or new materials.\r\n\r\n2. Outdoor and Nature Activities\r\n\r\n    Hiking and Nature Walking: Explore local trails, parks, or nature reserves and connect with the outdoors.\r\n    Birdwatching: Learn to identify local bird species and keep a nature journal of your sightings.\r\n    Gardening: Grow flowers, vegetables, or even a small herb garden. It's rewarding to watch something you plant thrive.\r\n    Foraging: Learn about edible plants and wild foods in your area. Always research safely before consuming anything.\r\n    Rock Climbing: If you're looking for a physical challenge, try indoor climbing gyms or outdoor climbing with a guide.\r\n\r\n3. Mind and Body Wellness\r\n\r\n    Yoga or Pilates: Great for flexibility, strength, and mindfulness. You can join a class or follow online tutorials.\r\n    Meditation or Mindfulness: Learn techniques to calm your mind, such as breathing exercises, guided meditations, or visualization.\r\n    Tai Chi: A gentle martial art that helps with balance, coordination, and mental clarity.\r\n    Dance: Whether it's ballet, hip-hop, salsa, or even contemporary, dancing is fun and a good form of exercise.\r\n    Journaling or Writing: Start a gratitude journal, creative writing, or blogging about a subject that excites you.\r\n\r\n4. Skill-Based Activities\r\n\r\n    Cooking or Baking: Try mastering a new cuisine or learning to bake intricate pastries, bread, or cakes.\r\n    Learning a New Language: Pick a language you're interested in and use apps, books, or tutors to guide you.\r\n    Photography: Explore the world of photography, whether its taking portraits, landscapes, or abstract shots.\r\n    Coding or Game Development: Learn the basics of programming or dive into making your own games or apps.\r\n    Woodworking or Carpentry: Build small projects like furniture, shelves, or custom home decor.\r\n\r\n5. Social and Intellectual Hobbies\r\n\r\n    Board Games or Tabletop RPGs: Gather friends for a strategic or creative gaming session, like Settlers of Catan or Dungeons & Dragons.\r\n    Puzzle Solving: Try jigsaw puzzles, crosswords, or even escape room challenges at home.\r\n    Volunteering: Find a cause you care about and contribute your time, whether its helping in shelters, animal care, or community organizations.\r\n    Podcasting or YouTube: Share your thoughts on a subject you're passionate about or start a series about a topic that interests you.\r\n    Public Speaking or Toastmasters: Develop your communication and presentation skills.\r\n\r\n6. Tech and Digital Hobbies\r\n\r\n    Video Editing or Animation: Learn how to create content, edit videos, or make animated shorts.\r\n    3D Printing: Design and print 3D objects. You can start with small, functional items like phone stands or create intricate art pieces.\r\n    Virtual Reality (VR) Gaming: Explore immersive virtual worlds or learn how to build your own VR experiences.\r\n\r\n7. Collecting\r\n\r\n    Collecting Vintage Items: Whether its stamps, coins, or rare books, starting a collection can be both exciting and educational.\r\n    Antique Restoration: Restore old furniture, antiques, or collectibles to give them a new life.\r\n    Action Figures or Comics: Start building a collection of your favorite superheroes or pop culture figures.\r\n\r\n8. Sustainable Living\r\n\r\n    Zero-Waste Lifestyle: Experiment with reducing waste in your daily life by making eco-friendly products or shopping sustainably.\r\n    Beekeeping: Learn the art of beekeeping and help protect pollinators while harvesting honey.\r\n    Candle Making: Create unique, eco-friendly candles using natural materials.\r\n    Soap Making: Craft your own soaps, experimenting with scents, colors, and textures.",
    "attachment": "",
    "supporter": 1,
    "campaign": 6
  }
},
{
  "model": "main.brainstorming",
  "pk": 57,
  "fields": {
    "idea": "Creative Arts and Crafts\r\n\r\n    Painting or Drawing: Explore different mediums like watercolor, charcoal, or digital art. You can follow tutorials or try your hand at abstract work.\r\n    Pottery: Get your hands dirty making bowls, mugs, and sculptures. Many pottery studios offer beginner classes.\r\n    Embroidery or Cross-Stitching: Learn intricate stitching patterns to create unique designs on fabric.\r\n    Origami: The art of paper folding can be a relaxing yet challenging hobby.\r\n    DIY Home Decor: Create your own furniture, wall art, or upcycle old pieces with a fresh coat of paint or new materials.\r\n\r\n2. Outdoor and Nature Activities\r\n\r\n    Hiking and Nature Walking: Explore local trails, parks, or nature reserves and connect with the outdoors.\r\n    Birdwatching: Learn to identify local bird species and keep a nature journal of your sightings.\r\n    Gardening: Grow flowers, vegetables, or even a small herb garden. It's rewarding to watch something you plant thrive.\r\n    Foraging: Learn about edible plants and wild foods in your area. Always research safely before consuming anything.\r\n    Rock Climbing: If you're looking for a physical challenge, try indoor climbing gyms or outdoor climbing with a guide.\r\n\r\n3. Mind and Body Wellness\r\n\r\n    Yoga or Pilates: Great for flexibility, strength, and mindfulness. You can join a class or follow online tutorials.\r\n    Meditation or Mindfulness: Learn techniques to calm your mind, such as breathing exercises, guided meditations, or visualization.\r\n    Tai Chi: A gentle martial art that helps with balance, coordination, and mental clarity.\r\n    Dance: Whether it's ballet, hip-hop, salsa, or even contemporary, dancing is fun and a good form of exercise.\r\n    Journaling or Writing: Start a gratitude journal, creative writing, or blogging about a subject that excites you.\r\n\r\n4. Skill-Based Activities\r\n\r\n    Cooking or Baking: Try mastering a new cuisine or learning to bake intricate pastries, bread, or cakes.\r\n    Learning a New Language: Pick a language you're interested in and use apps, books, or tutors to guide you.\r\n    Photography: Explore the world of photography, whether its taking portraits, landscapes, or abstract shots.\r\n    Coding or Game Development: Learn the basics of programming or dive into making your own games or apps.\r\n    Woodworking or Carpentry: Build small projects like furniture, shelves, or custom home decor.\r\n\r\n5. Social and Intellectual Hobbies\r\n\r\n    Board Games or Tabletop RPGs: Gather friends for a strategic or creative gaming session, like Settlers of Catan or Dungeons & Dragons.\r\n    Puzzle Solving: Try jigsaw puzzles, crosswords, or even escape room challenges at home.\r\n    Volunteering: Find a cause you care about and contribute your time, whether its helping in shelters, animal care, or community organizations.\r\n    Podcasting or YouTube: Share your thoughts on a subject you're passionate about or start a series about a topic that interests you.\r\n    Public Speaking or Toastmasters: Develop your communication and presentation skills.\r\n\r\n6. Tech and Digital Hobbies\r\n\r\n    Video Editing or Animation: Learn how to create content, edit videos, or make animated shorts.\r\n    3D Printing: Design and print 3D objects. You can start with small, functional items like phone stands or create intricate art pieces.\r\n    Virtual Reality (VR) Gaming: Explore immersive virtual worlds or learn how to build your own VR experiences.\r\n\r\n7. Collecting\r\n\r\n    Collecting Vintage Items: Whether its stamps, coins, or rare books, starting a collection can be both exciting and educational.\r\n    Antique Restoration: Restore old furniture, antiques, or collectibles to give them a new life.\r\n    Action Figures or Comics: Start building a collection of your favorite superheroes or pop culture figures.\r\n\r\n8. Sustainable Living\r\n\r\n    Zero-Waste Lifestyle: Experiment with reducing waste in your daily life by making eco-friendly products or shopping sustainably.\r\n    Beekeeping: Learn the art of beekeeping and help protect pollinators while harvesting honey.\r\n    Candle Making: Create unique, eco-friendly candles using natural materials.\r\n    Soap Making: Craft your own soaps, experimenting with scents, colors, and textures.",
    "attachment": "",
    "supporter": 1,
    "campaign": 6
  }
},
{
  "model": "main.brainstorming",
  "pk": 58,
  "fields": {
    "idea": "Creative Arts and Crafts\r\n\r\n    Painting or Drawing: Explore different mediums like watercolor, charcoal, or digital art. You can follow tutorials or try your hand at abstract work.\r\n    Pottery: Get your hands dirty making bowls, mugs, and sculptures. Many pottery studios offer beginner classes.\r\n    Embroidery or Cross-Stitching: Learn intricate stitching patterns to create unique designs on fabric.\r\n    Origami: The art of paper folding can be a relaxing yet challenging hobby.\r\n    DIY Home Decor: Create your own furniture, wall art, or upcycle old pieces with a fresh coat of paint or new materials.\r\n\r\n2. Outdoor and Nature Activities\r\n\r\n    Hiking and Nature Walking: Explore local trails, parks, or nature reserves and connect with the outdoors.\r\n    Birdwatching: Learn to identify local bird species and keep a nature journal of your sightings.\r\n    Gardening: Grow flowers, vegetables, or even a small herb garden. It's rewarding to watch something you plant thrive.\r\n    Foraging: Learn about edible plants and wild foods in your area. Always research safely before consuming anything.\r\n    Rock Climbing: If you're looking for a physical challenge, try indoor climbing gyms or outdoor climbing with a guide.\r\n\r\n3. Mind and Body Wellness\r\n\r\n    Yoga or Pilates: Great for flexibility, strength, and mindfulness. You can join a class or follow online tutorials.\r\n    Meditation or Mindfulness: Learn techniques to calm your mind, such as breathing exercises, guided meditations, or visualization.\r\n    Tai Chi: A gentle martial art that helps with balance, coordination, and mental clarity.\r\n    Dance: Whether it's ballet, hip-hop, salsa, or even contemporary, dancing is fun and a good form of exercise.\r\n    Journaling or Writing: Start a gratitude journal, creative writing, or blogging about a subject that excites you.\r\n\r\n4. Skill-Based Activities\r\n\r\n    Cooking or Baking: Try mastering a new cuisine or learning to bake intricate pastries, bread, or cakes.\r\n    Learning a New Language: Pick a language you're interested in and use apps, books, or tutors to guide you.\r\n    Photography: Explore the world of photography, whether its taking portraits, landscapes, or abstract shots.\r\n    Coding or Game Development: Learn the basics of programming or dive into making your own games or apps.\r\n    Woodworking or Carpentry: Build small projects like furniture, shelves, or custom home decor.\r\n\r\n5. Social and Intellectual Hobbies\r\n\r\n    Board Games or Tabletop RPGs: Gather friends for a strategic or creative gaming session, like Settlers of Catan or Dungeons & Dragons.\r\n    Puzzle Solving: Try jigsaw puzzles, crosswords, or even escape room challenges at home.\r\n    Volunteering: Find a cause you care about and contribute your time, whether its helping in shelters, animal care, or community organizations.\r\n    Podcasting or YouTube: Share your thoughts on a subject you're passionate about or start a series about a topic that interests you.\r\n    Public Speaking or Toastmasters: Develop your communication and presentation skills.\r\n\r\n6. Tech and Digital Hobbies\r\n\r\n    Video Editing or Animation: Learn how to create content, edit videos, or make animated shorts.\r\n    3D Printing: Design and print 3D objects. You can start with small, functional items like phone stands or create intricate art pieces.\r\n    Virtual Reality (VR) Gaming: Explore immersive virtual worlds or learn how to build your own VR experiences.\r\n\r\n7. Collecting\r\n\r\n    Collecting Vintage Items: Whether its stamps, coins, or rare books, starting a collection can be both exciting and educational.\r\n    Antique Restoration: Restore old furniture, antiques, or collectibles to give them a new life.\r\n    Action Figures or Comics: Start building a collection of your favorite superheroes or pop culture figures.\r\n\r\n8. Sustainable Living\r\n\r\n    Zero-Waste Lifestyle: Experiment with reducing waste in your daily life by making eco-friendly products or shopping sustainably.\r\n    Beekeeping: Learn the art of beekeeping and help protect pollinators while harvesting honey.\r\n    Candle Making: Create unique, eco-friendly candles using natural materials.\r\n    Soap Making: Craft your own soaps, experimenting with scents, colors, and textures.",
    "attachment": "",
    "supporter": 1,
    "campaign": 6
  }
},
{
  "model": "main.brainstorming",
  "pk": 59,
  "fields": {
    "idea": "Creative Arts and Crafts\r\n\r\n    Painting or Drawing: Explore different mediums like watercolor, charcoal, or digital art. You can follow tutorials or try your hand at abstract work.\r\n    Pottery: Get your hands dirty making bowls, mugs, and sculptures. Many pottery studios offer beginner classes.\r\n    Embroidery or Cross-Stitching: Learn intricate stitching patterns to create unique designs on fabric.\r\n    Origami: The art of paper folding can be a relaxing yet challenging hobby.\r\n    DIY Home Decor: Create your own furniture, wall art, or upcycle old pieces with a fresh coat of paint or new materials.\r\n\r\n2. Outdoor and Nature Activities\r\n\r\n    Hiking and Nature Walking: Explore local trails, parks, or nature reserves and connect with the outdoors.\r\n    Birdwatching: Learn to identify local bird species and keep a nature journal of your sightings.\r\n    Gardening: Grow flowers, vegetables, or even a small herb garden. It's rewarding to watch something you plant thrive.\r\n    Foraging: Learn about edible plants and wild foods in your area. Always research safely before consuming anything.\r\n    Rock Climbing: If you're looking for a physical challenge, try indoor climbing gyms or outdoor climbing with a guide.\r\n\r\n3. Mind and Body Wellness\r\n\r\n    Yoga or Pilates: Great for flexibility, strength, and mindfulness. You can join a class or follow online tutorials.\r\n    Meditation or Mindfulness: Learn techniques to calm your mind, such as breathing exercises, guided meditations, or visualization.\r\n    Tai Chi: A gentle martial art that helps with balance, coordination, and mental clarity.\r\n    Dance: Whether it's ballet, hip-hop, salsa, or even contemporary, dancing is fun and a good form of exercise.\r\n    Journaling or Writing: Start a gratitude journal, creative writing, or blogging about a subject that excites you.\r\n\r\n4. Skill-Based Activities\r\n\r\n    Cooking or Baking: Try mastering a new cuisine or learning to bake intricate pastries, bread, or cakes.\r\n    Learning a New Language: Pick a language you're interested in and use apps, books, or tutors to guide you.\r\n    Photography: Explore the world of photography, whether its taking portraits, landscapes, or abstract shots.\r\n    Coding or Game Development: Learn the basics of programming or dive into making your own games or apps.\r\n    Woodworking or Carpentry: Build small projects like furniture, shelves, or custom home decor.\r\n\r\n5. Social and Intellectual Hobbies\r\n\r\n    Board Games or Tabletop RPGs: Gather friends for a strategic or creative gaming session, like Settlers of Catan or Dungeons & Dragons.\r\n    Puzzle Solving: Try jigsaw puzzles, crosswords, or even escape room challenges at home.\r\n    Volunteering: Find a cause you care about and contribute your time, whether its helping in shelters, animal care, or community organizations.\r\n    Podcasting or YouTube: Share your thoughts on a subject you're passionate about or start a series about a topic that interests you.\r\n    Public Speaking or Toastmasters: Develop your communication and presentation skills.\r\n\r\n6. Tech and Digital Hobbies\r\n\r\n    Video Editing or Animation: Learn how to create content, edit videos, or make animated shorts.\r\n    3D Printing: Design and print 3D objects. You can start with small, functional items like phone stands or create intricate art pieces.\r\n    Virtual Reality (VR) Gaming: Explore immersive virtual worlds or learn how to build your own VR experiences.\r\n\r\n7. Collecting\r\n\r\n    Collecting Vintage Items: Whether its stamps, coins, or rare books, starting a collection can be both exciting and educational.\r\n    Antique Restoration: Restore old furniture, antiques, or collectibles to give them a new life.\r\n    Action Figures or Comics: Start building a collection of your favorite superheroes or pop culture figures.\r\n\r\n8. Sustainable Living\r\n\r\n    Zero-Waste Lifestyle: Experiment with reducing waste in your daily life by making eco-friendly products or shopping sustainably.\r\n    Beekeeping: Learn the art of beekeeping and help protect pollinators while harvesting honey.\r\n    Candle Making: Create unique, eco-friendly candles using natural materials.\r\n    Soap Making: Craft your own soaps, experimenting with scents, colors, and textures.",
    "attachment": "",
    "supporter": 1,
    "campaign": 6
  }
},
{
  "model": "main.brainstorming",
  "pk": 60,
  "fields": {
    "idea": "Creative Arts and Crafts\r\n\r\n    Painting or Drawing: Explore different mediums like watercolor, charcoal, or digital art. You can follow tutorials or try your hand at abstract work.\r\n    Pottery: Get your hands dirty making bowls, mugs, and sculptures. Many pottery studios offer beginner classes.\r\n    Embroidery or Cross-Stitching: Learn intricate stitching patterns to create unique designs on fabric.\r\n    Origami: The art of paper folding can be a relaxing yet challenging hobby.\r\n    DIY Home Decor: Create your own furniture, wall art, or upcycle old pieces with a fresh coat of paint or new materials.\r\n\r\n2. Outdoor and Nature Activities\r\n\r\n    Hiking and Nature Walking: Explore local trails, parks, or nature reserves and connect with the outdoors.\r\n    Birdwatching: Learn to identify local bird species and keep a nature journal of your sightings.\r\n    Gardening: Grow flowers, vegetables, or even a small herb garden. It's rewarding to watch something you plant thrive.\r\n    Foraging: Learn about edible plants and wild foods in your area. Always research safely before consuming anything.\r\n    Rock Climbing: If you're looking for a physical challenge, try indoor climbing gyms or outdoor climbing with a guide.\r\n\r\n3. Mind and Body Wellness\r\n\r\n    Yoga or Pilates: Great for flexibility, strength, and mindfulness. You can join a class or follow online tutorials.\r\n    Meditation or Mindfulness: Learn techniques to calm your mind, such as breathing exercises, guided meditations, or visualization.\r\n    Tai Chi: A gentle martial art that helps with balance, coordination, and mental clarity.\r\n    Dance: Whether it's ballet, hip-hop, salsa, or even contemporary, dancing is fun and a good form of exercise.\r\n    Journaling or Writing: Start a gratitude journal, creative writing, or blogging about a subject that excites you.\r\n\r\n4. Skill-Based Activities\r\n\r\n    Cooking or Baking: Try mastering a new cuisine or learning to bake intricate pastries, bread, or cakes.\r\n    Learning a New Language: Pick a language you're interested in and use apps, books, or tutors to guide you.\r\n    Photography: Explore the world of photography, whether its taking portraits, landscapes, or abstract shots.\r\n    Coding or Game Development: Learn the basics of programming or dive into making your own games or apps.\r\n    Woodworking or Carpentry: Build small projects like furniture, shelves, or custom home decor.\r\n\r\n5. Social and Intellectual Hobbies\r\n\r\n    Board Games or Tabletop RPGs: Gather friends for a strategic or creative gaming session, like Settlers of Catan or Dungeons & Dragons.\r\n    Puzzle Solving: Try jigsaw puzzles, crosswords, or even escape room challenges at home.\r\n    Volunteering: Find a cause you care about and contribute your time, whether its helping in shelters, animal care, or community organizations.\r\n    Podcasting or YouTube: Share your thoughts on a subject you're passionate about or start a series about a topic that interests you.\r\n    Public Speaking or Toastmasters: Develop your communication and presentation skills.\r\n\r\n6. Tech and Digital Hobbies\r\n\r\n    Video Editing or Animation: Learn how to create content, edit videos, or make animated shorts.\r\n    3D Printing: Design and print 3D objects. You can start with small, functional items like phone stands or create intricate art pieces.\r\n    Virtual Reality (VR) Gaming: Explore immersive virtual worlds or learn how to build your own VR experiences.\r\n\r\n7. Collecting\r\n\r\n    Collecting Vintage Items: Whether its stamps, coins, or rare books, starting a collection can be both exciting and educational.\r\n    Antique Restoration: Restore old furniture, antiques, or collectibles to give them a new life.\r\n    Action Figures or Comics: Start building a collection of your favorite superheroes or pop culture figures.\r\n\r\n8. Sustainable Living\r\n\r\n    Zero-Waste Lifestyle: Experiment with reducing waste in your daily life by making eco-friendly products or shopping sustainably.\r\n    Beekeeping: Learn the art of beekeeping and help protect pollinators while harvesting honey.\r\n    Candle Making: Create unique, eco-friendly candles using natural materials.\r\n    Soap Making: Craft your own soaps, experimenting with scents, colors, and textures.",
    "attachment": "",
    "supporter": 1,
    "campaign": 6
  }
},
{
  "model": "main.brainstorming",
  "pk": 61,
  "fields": {
    "idea": "Creative Arts and Crafts\r\n\r\n    Painting or Drawing: Explore different mediums like watercolor, charcoal, or digital art. You can follow tutorials or try your hand at abstract work.\r\n    Pottery: Get your hands dirty making bowls, mugs, and sculptures. Many pottery studios offer beginner classes.\r\n    Embroidery or Cross-Stitching: Learn intricate stitching patterns to create unique designs on fabric.\r\n    Origami: The art of paper folding can be a relaxing yet challenging hobby.\r\n    DIY Home Decor: Create your own furniture, wall art, or upcycle old pieces with a fresh coat of paint or new materials.\r\n\r\n2. Outdoor and Nature Activities\r\n\r\n    Hiking and Nature Walking: Explore local trails, parks, or nature reserves and connect with the outdoors.\r\n    Birdwatching: Learn to identify local bird species and keep a nature journal of your sightings.\r\n    Gardening: Grow flowers, vegetables, or even a small herb garden. It's rewarding to watch something you plant thrive.\r\n    Foraging: Learn about edible plants and wild foods in your area. Always research safely before consuming anything.\r\n    Rock Climbing: If you're looking for a physical challenge, try indoor climbing gyms or outdoor climbing with a guide.\r\n\r\n3. Mind and Body Wellness\r\n\r\n    Yoga or Pilates: Great for flexibility, strength, and mindfulness. You can join a class or follow online tutorials.\r\n    Meditation or Mindfulness: Learn techniques to calm your mind, such as breathing exercises, guided meditations, or visualization.\r\n    Tai Chi: A gentle martial art that helps with balance, coordination, and mental clarity.\r\n    Dance: Whether it's ballet, hip-hop, salsa, or even contemporary, dancing is fun and a good form of exercise.\r\n    Journaling or Writing: Start a gratitude journal, creative writing, or blogging about a subject that excites you.\r\n\r\n4. Skill-Based Activities\r\n\r\n    Cooking or Baking: Try mastering a new cuisine or learning to bake intricate pastries, bread, or cakes.\r\n    Learning a New Language: Pick a language you're interested in and use apps, books, or tutors to guide you.\r\n    Photography: Explore the world of photography, whether its taking portraits, landscapes, or abstract shots.\r\n    Coding or Game Development: Learn the basics of programming or dive into making your own games or apps.\r\n    Woodworking or Carpentry: Build small projects like furniture, shelves, or custom home decor.\r\n\r\n5. Social and Intellectual Hobbies\r\n\r\n    Board Games or Tabletop RPGs: Gather friends for a strategic or creative gaming session, like Settlers of Catan or Dungeons & Dragons.\r\n    Puzzle Solving: Try jigsaw puzzles, crosswords, or even escape room challenges at home.\r\n    Volunteering: Find a cause you care about and contribute your time, whether its helping in shelters, animal care, or community organizations.\r\n    Podcasting or YouTube: Share your thoughts on a subject you're passionate about or start a series about a topic that interests you.\r\n    Public Speaking or Toastmasters: Develop your communication and presentation skills.\r\n\r\n6. Tech and Digital Hobbies\r\n\r\n    Video Editing or Animation: Learn how to create content, edit videos, or make animated shorts.\r\n    3D Printing: Design and print 3D objects. You can start with small, functional items like phone stands or create intricate art pieces.\r\n    Virtual Reality (VR) Gaming: Explore immersive virtual worlds or learn how to build your own VR experiences.\r\n\r\n7. Collecting\r\n\r\n    Collecting Vintage Items: Whether its stamps, coins, or rare books, starting a collection can be both exciting and educational.\r\n    Antique Restoration: Restore old furniture, antiques, or collectibles to give them a new life.\r\n    Action Figures or Comics: Start building a collection of your favorite superheroes or pop culture figures.\r\n\r\n8. Sustainable Living\r\n\r\n    Zero-Waste Lifestyle: Experiment with reducing waste in your daily life by making eco-friendly products or shopping sustainably.\r\n    Beekeeping: Learn the art of beekeeping and help protect pollinators while harvesting honey.\r\n    Candle Making: Create unique, eco-friendly candles using natural materials.\r\n    Soap Making: Craft your own soaps, experimenting with scents, colors, and textures.",
    "attachment": "",
    "supporter": 1,
    "campaign": 6
  }
},
{
  "model": "main.brainstorming",
  "pk": 62,
  "fields": {
    "idea": "what",
    "attachment": "",
    "supporter": 1,
    "campaign": 6
  }
},
{
  "model": "main.brainstorming",
  "pk": 63,
  "fields": {
    "idea": "vb",
    "attachment": "",
    "supporter": 1,
    "campaign": 6
  }
},
{
  "model": "main.campaign",
  "pk": 1,
  "fields": {
    "user": 1,
    "title": "This will create a cohesive yet distinct search engine interface tha",
    "timestamp": "2024-10-31T19:49:34.938Z",
    "content": "This will create a cohesive yet distinct search enThis will create a cohesive yet distinct search engine interface that complements your site's ovThis will create a cohesive yet distinct search engine interface that complements your site's overaleralgine interface that complements your site's overal",
    "poster": "campaign_files/ja.webp",
    "audio": "",
    "target_amount": null,
    "category": "Economic Empowerment",
    "visibility": "public",
    "duration": null,
    "duration_unit": "days",
    "visible_to_followers": []
  }
},
{
  "model": "main.campaign",
  "pk": 2,
  "fields": {
    "user": 1,
    "title": "With a passion for bringing ideas to life and helping communities grow, Kisoro Ashraf Colline has been actively",
    "timestamp": "2024-11-01T12:30:48.548Z",
    "content": "With a passion for bringing ideas to life and helping communities grow, Kisoro Ashraf Colline has been activelyWith a passion for bringing ideas to life and helping communities grow, Kisoro Ashraf Colline has been activelyWith a passion for bringing ideas to life and helping communities grow, Kisoro Ashraf Colline has been actively",
    "poster": "campaign_files/kl.jpg",
    "audio": "",
    "target_amount": null,
    "category": "Humanitarian Aid",
    "visibility": "public",
    "duration": null,
    "duration_unit": "days",
    "visible_to_followers": []
  }
},
{
  "model": "main.campaign",
  "pk": 3,
  "fields": {
    "user": 2,
    "title": "Tears of Gaza - Wikipedia Images may be subject to copyright. Learn More",
    "timestamp": "2024-11-01T13:15:10.133Z",
    "content": "Tears of Gaza - Wikipedia\r\nImages may be subject to copyright. Learn MoreTears of Gaza - Wikipedia\r\nImages may be subject to copyright. Learn MoreTears of Gaza - Wikipedia\r\nImages may be subject to copyright. Learn More",
    "poster": "campaign_files/ds.jpg",
    "audio": "",
    "target_amount": null,
    "category": "Peace and Conflict Resolution",
    "visibility": "public",
    "duration": null,
    "duration_unit": "days",
    "visible_to_followers": []
  }
},
{
  "model": "main.campaign",
  "pk": 4,
  "fields": {
    "user": 1,
    "title": "With a passion for bringing ideas to life and helping communities grow, Kisoro",
    "timestamp": "2024-11-05T18:13:36.993Z",
    "content": "With a passion for bringing ideas to life and helping communities growWith a passion for bringing ideas to life and helping communities grow, KisoWith a passion for bringing ideas to life and helping communities grow, Kisororo, Kisoro",
    "poster": "campaign_files/df.jpg",
    "audio": "",
    "target_amount": null,
    "category": "Equality and Inclusion",
    "visibility": "public",
    "duration": null,
    "duration_unit": "days",
    "visible_to_followers": []
  }
},
{
  "model": "main.campaign",
  "pk": 5,
  "fields": {
    "user": 1,
    "title": "With a passion for bringing ideas to life and helping communities grow,",
    "timestamp": "2024-11-05T18:17:48.088Z",
    "content": "With a passion for bringing ideas to life and helping communities grow,With a passion for bringing ideas to life and helping communities grow, Kisoro KisoroWith a passion for bringing ideas to life and helping communities grow, K",
    "poster": "campaign_files/vb.jpg",
    "audio": "",
    "target_amount": null,
    "category": "Policy Advocacy",
    "visibility": "public",
    "duration": null,
    "duration_unit": "days",
    "visible_to_followers": []
  }
},
{
  "model": "main.campaign",
  "pk": 6,
  "fields": {
    "user": 1,
    "title": "With a passion for bringing ideas to life and helping communities grow, Kisoro",
    "timestamp": "2024-11-05T18:27:26.553Z",
    "content": "With a passion for bringing ideas to life and helping communities grow, With a passion for bringing ideas to life and helping communities grow, KisoroKisoro",
    "poster": "campaign_files/cv.jpg",
    "audio": "",
    "target_amount": null,
    "category": "Artistic Advocacy",
    "visibility": "public",
    "duration": null,
    "duration_unit": "days",
    "visible_to_followers": []
  }
},
{
  "model": "main.campaign",
  "pk": 7,
  "fields": {
    "user": 1,
    "title": "With a passion for bringing ideas to life and helping communities grow, Kisoro",
    "timestamp": "2024-11-05T18:35:36.794Z",
    "content": "With a passion for bringing ideas to life and helping communities grow, KisoroWith a passion for bringing ideas to life and helping communities grow, Kisoro",
    "poster": "campaign_files/nm.png",
    "audio": "",
    "target_amount": null,
    "category": "Education and Literacy",
    "visibility": "public",
    "duration": null,
    "duration_unit": "days",
    "visible_to_followers": []
  }
},
{
  "model": "main.campaign",
  "pk": 8,
  "fields": {
    "user": 1,
    "title": "With a passion for bringing ideas to life and helping communities grow,",
    "timestamp": "2024-11-05T18:42:16.038Z",
    "content": "With a passion for bringing ideas to life and helping communities grow, ",
    "poster": "campaign_files/nj.jpg",
    "audio": "",
    "target_amount": null,
    "category": "Animal Welfare",
    "visibility": "public",
    "duration": null,
    "duration_unit": "days",
    "visible_to_followers": []
  }
},
{
  "model": "main.campaign",
  "pk": 9,
  "fields": {
    "user": 1,
    "title": "Plant a Tree, Save the Planet\"",
    "timestamp": "2024-12-03T09:54:10.428Z",
    "content": "Join us in our mission to combat climate change by planting trees in urban and rural areas. Every tree planted helps improve air quality, reduce carbon emissions, and provide habitat for wildlife. Together, we can make a difference!\r\n",
    "poster": "campaign_files/ask.jpg",
    "audio": "campaign_audio/Motivational_SpeechPlanting_a_Tree.mp4",
    "target_amount": null,
    "category": "Environmental Conservation",
    "visibility": "public",
    "duration": null,
    "duration_unit": "days",
    "visible_to_followers": []
  }
},
{
  "model": "main.campaign",
  "pk": 10,
  "fields": {
    "user": 5,
    "title": "Relief for Families Displaced by Natural Disasters",
    "timestamp": "2024-12-09T14:16:38.918Z",
    "content": "This campaign is dedicated to providing emergency relief to families displaced by recent floods in Southeast Asia. With over 10,000 homes destroyed, many families are left without shelter, food, and basic necessities. The funds raised will be used to distribute emergency food packs, provide temporary shelters, and ensure access to clean water.",
    "poster": "campaign_files/sm.webp",
    "audio": "",
    "target_amount": null,
    "category": "Humanitarian Aid",
    "visibility": "public",
    "duration": null,
    "duration_unit": "days",
    "visible_to_followers": []
  }
},
{
  "model": "main.campaign",
  "pk": 11,
  "fields": {
    "user": 1,
    "title": "By uploading, you confirm that you have the rights to use this sound file or video audio on the platform.",
    "timestamp": "2024-12-09T21:12:47.338Z",
    "content": "By uploading, you confirm that you have the rights to use this sound file or video audio on the platform.By uploading, you confirm that you have the rights to use this sound file or video audio on the platform.",
    "poster": "campaign_files/poster_1.png",
    "audio": "",
    "target_amount": null,
    "category": "Digital Rights",
    "visibility": "private",
    "duration": null,
    "duration_unit": "days",
    "visible_to_followers": [
      5
    ]
  }
},
{
  "model": "main.campaign",
  "pk": 12,
  "fields": {
    "user": 5,
    "title": "Reforest Our Future",
    "timestamp": "2024-12-14T14:01:11.578Z",
    "content": "Deforestation is one of the leading causes of climate change, habitat loss, and soil erosion. Together, we can make a difference by replanting trees in critically affected areas. This campaign focuses on reforesting land in [specific region] while engaging local communities to ensure long-term sustainability.\r\n\r\nEach dollar donated contributes to planting one tree, including maintenance for the first year to ensure it thrives. Join us in taking a simple yet powerful step towards protecting our planet!",
    "poster": "campaign_files/7208618.jpg",
    "audio": "campaign_audio/tell-me-the-truth-260010.mp3",
    "target_amount": null,
    "category": "Environmental Conservation",
    "visibility": "public",
    "duration": null,
    "duration_unit": "days",
    "visible_to_followers": []
  }
},
{
  "model": "main.campaign",
  "pk": 13,
  "fields": {
    "user": 5,
    "title": "Guardians of the Forest: Protecting Biodiversity",
    "timestamp": "2024-12-14T14:29:22.586Z",
    "content": "Forests are home to 80% of the worlds terrestrial species, but deforestation threatens their survival. This campaign aims to protect a critical biodiversity hotspot in [specific region] by halting deforestation, restoring degraded land, and safeguarding wildlife habitats.\r\n\r\nWe aim to fund community-led conservation initiatives, create eco-corridors for wildlife, and support sustainable livelihoods to reduce dependency on forest exploitation.",
    "poster": "campaign_files/5020350.jpg",
    "audio": "campaign_audio/movement-200697.mp3",
    "target_amount": null,
    "category": "Environmental Conservation",
    "visibility": "public",
    "duration": null,
    "duration_unit": "days",
    "visible_to_followers": []
  }
},
{
  "model": "main.campaign",
  "pk": 14,
  "fields": {
    "user": 9,
    "title": "Empowering Rural Schools with Books & Learning Materials",
    "timestamp": "2025-03-21T07:33:41.415Z",
    "content": " About the Campaign:\r\nMillions of children in rural areas lack access to essential learning materials. This campaign aims to provide books, stationery, and digital resources to underprivileged schools, ensuring every child gets a chance to learn and grow.\r\n\r\n How Your Support Helps:\r\n $10  Buys a set of notebooks for one student\r\n $25  Provides a set of textbooks for one child\r\n $100  Equips a classroom with educational supplies\r\n $500+  Supports a full school with books and digital learning tools\r\n\r\n Project Location: Uganda (Targeting underserved rural schools)\r\n\r\n Why This Matters:\r\nEducation is the foundation of a better future. With your support, we can bridge the literacy gap and empower children with the knowledge they deserve.\r\n\r\n Campaign Perks for Donors:\r\n Shoutout on our social media for all contributors\r\n Personalized thank-you letter from students for donations above $50\r\n Name featured on a classroom plaque for donations above $500",
    "poster": "campaign_files/education.jpg",
    "audio": "",
    "target_amount": "80.00",
    "category": "Education and Literacy",
    "visibility": "public",
    "duration": 50,
    "duration_unit": "minutes",
    "visible_to_followers": []
  }
},
{
  "model": "main.campaign",
  "pk": 15,
  "fields": {
    "user": 9,
    "title": "Bringing Healthcare to Rural Communities in Uganda",
    "timestamp": "2025-03-21T14:20:45.032Z",
    "content": "Campaign Story:\r\n\r\nIn rural Uganda, thousands of people lack access to basic healthcare services. Many must travel long distances to reach a clinic, and even then, they often find limited medical supplies and personnel.\r\n\r\nWe are launching this campaign to establish mobile medical clinics that will provide essential health services, including:\r\n Free medical check-ups\r\n Vaccinations for children\r\n Maternal and prenatal care\r\n Health education on nutrition and disease prevention\r\n\r\nWith your support, we can hire trained health professionals, purchase medical supplies, and set up outreach programs in underserved areas.\r\nHow Your Donations Will Be Used:\r\n\r\n $20  Provides medicine for one patient\r\n $50  Supports a community health worker for a day\r\n $100  Helps fund fuel and logistics for mobile clinics\r\n $500+  Contributes to medical equipment for sustainable healthcare\r\nWhy This Matters:\r\n\r\nAccess to healthcare should not be a privilegeits a right! By contributing, you are helping save lives and bring hope to those in need.",
    "poster": "campaign_files/h2o.jpg",
    "audio": "",
    "target_amount": "89.00",
    "category": "Health and Wellness",
    "visibility": "public",
    "duration": 50,
    "duration_unit": "minutes",
    "visible_to_followers": []
  }
},
{
  "model": "main.campaign",
  "pk": 16,
  "fields": {
    "user": 9,
    "title": "Bringing Healthcare to Rural Communities in Uganda",
    "timestamp": "2025-03-21T14:22:28.085Z",
    "content": "Campaign Story:\r\n\r\nIn rural Uganda, thousands of people lack access to basic healthcare services. Many must travel long distances to reach a clinic, and even then, they often find limited medical supplies and personnel.\r\n\r\nWe are launching this campaign to establish mobile medical clinics that will provide essential health services, including:\r\n Free medical check-ups\r\n Vaccinations for children\r\n Maternal and prenatal care\r\n Health education on nutrition and disease prevention\r\n\r\nWith your support, we can hire trained health professionals, purchase medical supplies, and set up outreach programs in underserved areas.\r\nHow Your Donations Will Be Used:\r\n\r\n $20  Provides medicine for one patient\r\n $50  Supports a community health worker for a day\r\n $100  Helps fund fuel and logistics for mobile clinics\r\n $500+  Contributes to medical equipment for sustainable healthcare\r\nWhy This Matters:\r\n\r\nAccess to healthcare should not be a privilegeits a right! By contributing, you are helping save lives and bring hope to those in need.",
    "poster": "campaign_files/h2o.jpg",
    "audio": "",
    "target_amount": "45.00",
    "category": "Health and Wellness",
    "visibility": "public",
    "duration": 50,
    "duration_unit": "minutes",
    "visible_to_followers": []
  }
},
{
  "model": "main.campaign",
  "pk": 17,
  "fields": {
    "user": 9,
    "title": "Empower 500 Underprivileged Children with Quality Education",
    "timestamp": "2025-03-22T18:19:56.039Z",
    "content": "In rural Uganda, many children are unable to access quality education due to poverty, lack of school supplies, and inadequate learning facilities. Bright Futures Initiative is committed to providing 500 children with school fees, books, and learning materials to ensure they receive the education they deserve.",
    "poster": "campaign_files/education.jpg",
    "audio": "",
    "target_amount": "200.00",
    "category": "Education and Literacy",
    "visibility": "public",
    "duration": 12,
    "duration_unit": "minutes",
    "visible_to_followers": []
  }
},
{
  "model": "main.supportcampaign",
  "pk": 1,
  "fields": {
    "user": 1,
    "campaign": 1,
    "category": "Monetary Donation",
    "donate_monetary_visible": true,
    "brainstorm_idea_visible": true,
    "campaign_product_visible": true
  }
},
{
  "model": "main.supportcampaign",
  "pk": 2,
  "fields": {
    "user": 1,
    "campaign": 6,
    "category": "Monetary Donation",
    "donate_monetary_visible": true,
    "brainstorm_idea_visible": true,
    "campaign_product_visible": true
  }
},
{
  "model": "main.supportcampaign",
  "pk": 3,
  "fields": {
    "user": 1,
    "campaign": 3,
    "category": "Monetary Donation",
    "donate_monetary_visible": true,
    "brainstorm_idea_visible": true,
    "campaign_product_visible": true
  }
},
{
  "model": "main.supportcampaign",
  "pk": 4,
  "fields": {
    "user": 3,
    "campaign": 8,
    "category": "Monetary Donation",
    "donate_monetary_visible": true,
    "brainstorm_idea_visible": true,
    "campaign_product_visible": true
  }
},
{
  "model": "main.supportcampaign",
  "pk": 5,
  "fields": {
    "user": 3,
    "campaign": 6,
    "category": "Monetary Donation",
    "donate_monetary_visible": true,
    "brainstorm_idea_visible": true,
    "campaign_product_visible": true
  }
},
{
  "model": "main.supportcampaign",
  "pk": 6,
  "fields": {
    "user": 1,
    "campaign": 7,
    "category": "Monetary Donation",
    "donate_monetary_visible": true,
    "brainstorm_idea_visible": true,
    "campaign_product_visible": true
  }
},
{
  "model": "main.supportcampaign",
  "pk": 7,
  "fields": {
    "user": 1,
    "campaign": 9,
    "category": "Monetary Donation",
    "donate_monetary_visible": false,
    "brainstorm_idea_visible": true,
    "campaign_product_visible": false
  }
},
{
  "model": "main.supportcampaign",
  "pk": 8,
  "fields": {
    "user": 6,
    "campaign": 12,
    "category": "Monetary Donation",
    "donate_monetary_visible": true,
    "brainstorm_idea_visible": true,
    "campaign_product_visible": true
  }
},
{
  "model": "main.supportcampaign",
  "pk": 9,
  "fields": {
    "user": 9,
    "campaign": 1,
    "category": "Monetary Donation",
    "donate_monetary_visible": true,
    "brainstorm_idea_visible": true,
    "campaign_product_visible": true
  }
},
{
  "model": "main.supportcampaign",
  "pk": 10,
  "fields": {
    "user": 10,
    "campaign": 14,
    "category": "Monetary Donation",
    "donate_monetary_visible": true,
    "brainstorm_idea_visible": true,
    "campaign_product_visible": true
  }
},
{
  "model": "main.supportcampaign",
  "pk": 11,
  "fields": {
    "user": 10,
    "campaign": 12,
    "category": "Monetary Donation",
    "donate_monetary_visible": true,
    "brainstorm_idea_visible": true,
    "campaign_product_visible": true
  }
},
{
  "model": "main.supportcampaign",
  "pk": 12,
  "fields": {
    "user": 10,
    "campaign": 15,
    "category": "Monetary Donation",
    "donate_monetary_visible": true,
    "brainstorm_idea_visible": true,
    "campaign_product_visible": true
  }
},
{
  "model": "main.supportcampaign",
  "pk": 13,
  "fields": {
    "user": 10,
    "campaign": 16,
    "category": "Monetary Donation",
    "donate_monetary_visible": true,
    "brainstorm_idea_visible": true,
    "campaign_product_visible": true
  }
},
{
  "model": "main.campaignproduct",
  "pk": 1,
  "fields": {
    "campaign": 6,
    "name": "Starry Night - Limited Edition Art Print",
    "description": "A stunning reproduction of the iconic 'Starry Night' painting, \"\r\n        \"printed on high-quality archival paper. Perfect for art lovers and \"\r\n        \"home decor enthusiasts. Limited edition: only 100 prints available!",
    "url": "https://www.example.com/products/starry-night-print",
    "image": "campaign_product_images/asd.jpg",
    "category": "Art",
    "price": "49.99",
    "stock_quantity": 100,
    "is_active": true,
    "date_added": "2024-11-26T18:18:04.560Z"
  }
},
{
  "model": "main.campaignproduct",
  "pk": 2,
  "fields": {
    "campaign": 6,
    "name": "Starry Night - Limited Edition Art Print",
    "description": "A stunning reproduction of the iconic 'Starry Night' painting, \" \"printed on high-quality archival paper. Perfect for art lovers and \" \"home decor enthusiasts. Limited edition: only 100 prints available!",
    "url": "https://www.example.com/products/starry-night-print",
    "image": "campaign_product_images/asd.jpg",
    "category": "Art",
    "price": "10.12",
    "stock_quantity": 100,
    "is_active": true,
    "date_added": "2024-11-26T19:14:38.234Z"
  }
},
{
  "model": "main.campaignproduct",
  "pk": 3,
  "fields": {
    "campaign": 6,
    "name": "Starry Night - Limited Edition Art Print",
    "description": "Highlights the product's quality, exclusivity, and appeal to art lovers.",
    "url": "https://www.example.com/products/starry-night-print",
    "image": "campaign_product_images/kp.jpg",
    "category": "Art",
    "price": "100.00",
    "stock_quantity": 100,
    "is_active": true,
    "date_added": "2024-11-27T19:05:49.793Z"
  }
},
{
  "model": "main.campaignfund",
  "pk": 1,
  "fields": {
    "campaign": 6,
    "target_amount": "0.00",
    "amount_raised": "0.00",
    "paypal_email": "default_email@example.com"
  }
},
{
  "model": "main.campaignfund",
  "pk": 2,
  "fields": {
    "campaign": 12,
    "target_amount": "0.00",
    "amount_raised": "0.00",
    "paypal_email": "default_email@example.com"
  }
},
{
  "model": "main.campaignfund",
  "pk": 3,
  "fields": {
    "campaign": 14,
    "target_amount": "0.00",
    "amount_raised": "0.00",
    "paypal_email": "default_email@example.com"
  }
},
{
  "model": "main.campaignfund",
  "pk": 4,
  "fields": {
    "campaign": 15,
    "target_amount": "89.00",
    "amount_raised": "0.00",
    "paypal_email": "paypal_email"
  }
},
{
  "model": "main.campaignfund",
  "pk": 5,
  "fields": {
    "campaign": 16,
    "target_amount": "45.00",
    "amount_raised": "0.00",
    "paypal_email": "default_email@example.com"
  }
},
{
  "model": "main.campaignfund",
  "pk": 6,
  "fields": {
    "campaign": 13,
    "target_amount": "0.00",
    "amount_raised": "0.00",
    "paypal_email": "default_email@example.com"
  }
},
{
  "model": "main.campaignview",
  "pk": 1,
  "fields": {
    "user": 1,
    "campaign": 1,
    "timestamp": "2024-10-31T19:50:40.532Z",
    "time_spent": "00:00:00"
  }
},
{
  "model": "main.campaignview",
  "pk": 2,
  "fields": {
    "user": 2,
    "campaign": 1,
    "timestamp": "2024-11-01T12:51:24.326Z",
    "time_spent": "00:00:00"
  }
},
{
  "model": "main.campaignview",
  "pk": 3,
  "fields": {
    "user": 1,
    "campaign": 2,
    "timestamp": "2024-11-01T13:55:42.288Z",
    "time_spent": "00:00:00"
  }
},
{
  "model": "main.campaignview",
  "pk": 4,
  "fields": {
    "user": 1,
    "campaign": 3,
    "timestamp": "2024-11-01T13:57:19.031Z",
    "time_spent": "00:00:00"
  }
},
{
  "model": "main.campaignview",
  "pk": 5,
  "fields": {
    "user": 1,
    "campaign": 6,
    "timestamp": "2024-11-06T18:36:11.473Z",
    "time_spent": "00:00:00"
  }
},
{
  "model": "main.campaignview",
  "pk": 6,
  "fields": {
    "user": 1,
    "campaign": 7,
    "timestamp": "2024-11-13T14:26:50.969Z",
    "time_spent": "00:00:00"
  }
},
{
  "model": "main.campaignview",
  "pk": 7,
  "fields": {
    "user": 1,
    "campaign": 8,
    "timestamp": "2024-11-16T19:02:30.248Z",
    "time_spent": "00:00:00"
  }
},
{
  "model": "main.campaignview",
  "pk": 8,
  "fields": {
    "user": 2,
    "campaign": 6,
    "timestamp": "2024-11-26T18:36:57.988Z",
    "time_spent": "00:00:00"
  }
},
{
  "model": "main.campaignview",
  "pk": 9,
  "fields": {
    "user": 2,
    "campaign": 8,
    "timestamp": "2024-11-26T18:37:18.913Z",
    "time_spent": "00:00:00"
  }
},
{
  "model": "main.campaignview",
  "pk": 10,
  "fields": {
    "user": 1,
    "campaign": 9,
    "timestamp": "2024-12-03T09:58:36.395Z",
    "time_spent": "00:00:00"
  }
},
{
  "model": "main.campaignview",
  "pk": 11,
  "fields": {
    "user": 5,
    "campaign": 10,
    "timestamp": "2024-12-09T14:18:43.786Z",
    "time_spent": "00:00:00"
  }
},
{
  "model": "main.campaignview",
  "pk": 12,
  "fields": {
    "user": 5,
    "campaign": 12,
    "timestamp": "2024-12-14T14:04:04.379Z",
    "time_spent": "00:00:00"
  }
},
{
  "model": "main.campaignview",
  "pk": 13,
  "fields": {
    "user": 9,
    "campaign": 12,
    "timestamp": "2025-03-21T06:10:13.318Z",
    "time_spent": "00:00:00"
  }
},
{
  "model": "main.campaignview",
  "pk": 14,
  "fields": {
    "user": 9,
    "campaign": 14,
    "timestamp": "2025-03-21T08:19:01.160Z",
    "time_spent": "00:00:00"
  }
},
{
  "model": "main.campaignview",
  "pk": 15,
  "fields": {
    "user": 9,
    "campaign": 15,
    "timestamp": "2025-03-21T14:31:19.779Z",
    "time_spent": "00:00:00"
  }
},
{
  "model": "main.campaignview",
  "pk": 16,
  "fields": {
    "user": 9,
    "campaign": 16,
    "timestamp": "2025-03-21T14:34:20.985Z",
    "time_spent": "00:00:00"
  }
},
{
  "model": "main.campaignview",
  "pk": 17,
  "fields": {
    "user": 9,
    "campaign": 17,
    "timestamp": "2025-03-23T19:30:58.262Z",
    "time_spent": "00:00:00"
  }
},
{
  "model": "main.campaignview",
  "pk": 18,
  "fields": {
    "user": 8,
    "campaign": 3,
    "timestamp": "2025-03-27T20:00:29.816Z",
    "time_spent": "00:00:00"
  }
},
{
  "model": "main.love",
  "pk": 27,
  "fields": {
    "campaign": 3,
    "user": 3
  }
},
{
  "model": "main.love",
  "pk": 33,
  "fields": {
    "campaign": 2,
    "user": 3
  }
},
{
  "model": "main.love",
  "pk": 103,
  "fields": {
    "campaign": 1,
    "user": 1
  }
},
{
  "model": "main.love",
  "pk": 107,
  "fields": {
    "campaign": 3,
    "user": 4
  }
},
{
  "model": "main.love",
  "pk": 108,
  "fields": {
    "campaign": 4,
    "user": 1
  }
},
{
  "model": "main.love",
  "pk": 116,
  "fields": {
    "campaign": 6,
    "user": 1
  }
},
{
  "model": "main.love",
  "pk": 118,
  "fields": {
    "campaign": 3,
    "user": 1
  }
},
{
  "model": "main.love",
  "pk": 120,
  "fields": {
    "campaign": 2,
    "user": 1
  }
},
{
  "model": "main.love",
  "pk": 124,
  "fields": {
    "campaign": 8,
    "user": 1
  }
},
{
  "model": "main.love",
  "pk": 125,
  "fields": {
    "campaign": 10,
    "user": 6
  }
},
{
  "model": "main.love",
  "pk": 127,
  "fields": {
    "campaign": 2,
    "user": 6
  }
},
{
  "model": "main.love",
  "pk": 128,
  "fields": {
    "campaign": 1,
    "user": 6
  }
},
{
  "model": "main.love",
  "pk": 130,
  "fields": {
    "campaign": 13,
    "user": 6
  }
},
{
  "model": "main.love",
  "pk": 131,
  "fields": {
    "campaign": 3,
    "user": 9
  }
},
{
  "model": "main.comment",
  "pk": 1,
  "fields": {
    "user": 1,
    "campaign": 6,
    "timestamp": "2024-11-18T15:11:22.989Z",
    "text": "hello world "
  }
},
{
  "model": "main.comment",
  "pk": 2,
  "fields": {
    "user": 1,
    "campaign": 8,
    "timestamp": "2024-11-20T11:23:15.189Z",
    "text": "kd"
  }
},
{
  "model": "main.comment",
  "pk": 3,
  "fields": {
    "user": 1,
    "campaign": 8,
    "timestamp": "2024-11-20T11:28:51.785Z",
    "text": "hek"
  }
},
{
  "model": "main.comment",
  "pk": 4,
  "fields": {
    "user": 1,
    "campaign": 8,
    "timestamp": "2024-11-20T11:32:39.719Z",
    "text": "0777698790"
  }
},
{
  "model": "main.comment",
  "pk": 5,
  "fields": {
    "user": 1,
    "campaign": 8,
    "timestamp": "2024-11-21T06:57:17.779Z",
    "text": "yo"
  }
},
{
  "model": "main.comment",
  "pk": 6,
  "fields": {
    "user": 1,
    "campaign": 2,
    "timestamp": "2024-11-21T19:30:18.597Z",
    "text": "hello"
  }
},
{
  "model": "main.comment",
  "pk": 7,
  "fields": {
    "user": 1,
    "campaign": 2,
    "timestamp": "2024-11-21T19:32:29.791Z",
    "text": "wonderful"
  }
},
{
  "model": "main.comment",
  "pk": 8,
  "fields": {
    "user": 1,
    "campaign": 6,
    "timestamp": "2024-11-22T18:26:58.798Z",
    "text": "wow"
  }
},
{
  "model": "main.activity",
  "pk": 1,
  "fields": {
    "campaign": 1,
    "content": "contentAFGGF SXDRCFTVGBHNJKWERTYUI",
    "timestamp": "2024-10-31T19:51:36.351Z",
    "file": "activity_file/as.jpg"
  }
},
{
  "model": "main.activity",
  "pk": 2,
  "fields": {
    "campaign": 6,
    "content": "contentjazz music can work beautifully in an art exhibition. Jazz's improvisational,",
    "timestamp": "2024-11-06T18:47:46.587Z",
    "file": "activity_file/3_Simple_Steps_to_Close_Every_Deal_-_Andy_Elliott.mp4"
  }
},
{
  "model": "main.activity",
  "pk": 3,
  "fields": {
    "campaign": 6,
    "content": "contentContrast: Ensure good contrast between the background and text colors for readability. For instance, white text (#fff) on a limegreen or blue background is easy to read.",
    "timestamp": "2024-11-11T20:03:20.320Z",
    "file": "activity_file/images_2.jpg"
  }
},
{
  "model": "main.activity",
  "pk": 4,
  "fields": {
    "campaign": 7,
    "content": "Changes made:\r\n\r\n    Background Gradient: The gradient color has been updated to use blue shades #1E90FF (DodgerBlue) and #4682B4 (SteelBlue).\r\n    Font and Styling: The font size and style remain the same for the header text.\r\n\r\nThis will give the header a nice, modern blue gradient.",
    "timestamp": "2024-12-03T17:29:44.775Z",
    "file": "activity_file/Motivational_SpeechPlanting_a_Tree.mp4"
  }
},
{
  "model": "main.activity",
  "pk": 5,
  "fields": {
    "campaign": 7,
    "content": "contentChanges made:\r\n\r\n    Background Gradient: The gradient color has been updated to use blue shades #1E90FF (DodgerBlue) and #4682B4 (SteelBlue).\r\n    Font and Styling: The font size and style remain the same for the header text.\r\n\r\nThis will give the header a nice, modern blue gradient.",
    "timestamp": "2024-12-03T17:33:20.728Z",
    "file": "activity_file/MACHIAVELLI__Be_the_Wolf_Among_Sheep.mp4"
  }
},
{
  "model": "main.activity",
  "pk": 6,
  "fields": {
    "campaign": 10,
    "content": "This campaign is dedicated to providing emergency relief to families displaced by recent floods in Southeast Asia. With over 10,000 homes destroyed, many families are left without shelter, food, and basic necessities. The funds raised will be used to distribute emergency food packs, provide temporary shelters, and ensure access to clean water.",
    "timestamp": "2024-12-09T14:23:33.204Z",
    "file": "activity_file/Gravitas_Plus__The_untold_truth_about_Humanitarian_Aid.mp4"
  }
},
{
  "model": "main.activity",
  "pk": 7,
  "fields": {
    "campaign": 10,
    "content": "This campaign is dedicated to providing emergency relief to families displaced by recent floods in Southeast Asia. With over 10,000 homes destroyed, many families are left without shelter, food, and basic necessities. The funds raised will be used to distribute emergency food packs, provide temporary shelters, and ensure access to clean water.",
    "timestamp": "2024-12-09T14:41:32.503Z",
    "file": "activity_file/Gravitas_Plus__The_untold_truth_about_Humanitarian_Aid.mp4"
  }
},
{
  "model": "main.activity",
  "pk": 8,
  "fields": {
    "campaign": 12,
    "content": "Deforestation is one of the leading causes of climate change, habitat loss, and soil erosion. Together, we can make a difference by replanting trees in critically affected areas. This campaign focuses on reforesting land in [specific region] while engaging local communities to ensure long-term sustainability.\r\n\r\nEach dollar donated contributes to planting one tree, including maintenance for the first year to ensure it thrives. Join us in taking a simple yet powerful step towards protecting our planet!",
    "timestamp": "2024-12-14T14:05:37.704Z",
    "file": "activity_file/Social_campaign_to_preserve_the_forests__Reforest_our_future_.mp4"
  }
},
{
  "model": "main.activity",
  "pk": 9,
  "fields": {
    "campaign": 16,
    "content": "content",
    "timestamp": "2025-03-27T20:27:24.963Z",
    "file": "activity_file/cdc-GDokEYnOfnE-unsplash.jpg"
  }
},
{
  "model": "main.activitylove",
  "pk": 1,
  "fields": {
    "activity": 1,
    "user": 1,
    "timestamp": "2024-11-02T17:33:55.270Z"
  }
},
{
  "model": "main.activitylove",
  "pk": 2,
  "fields": {
    "activity": 2,
    "user": 1,
    "timestamp": "2024-11-11T19:27:53.535Z"
  }
},
{
  "model": "main.activitylove",
  "pk": 3,
  "fields": {
    "activity": 3,
    "user": 1,
    "timestamp": "2024-11-12T18:39:18.080Z"
  }
},
{
  "model": "main.activitylove",
  "pk": 4,
  "fields": {
    "activity": 6,
    "user": 6,
    "timestamp": "2024-12-09T14:31:56.982Z"
  }
},
{
  "model": "main.activitylove",
  "pk": 5,
  "fields": {
    "activity": 7,
    "user": 6,
    "timestamp": "2024-12-09T14:46:19.456Z"
  }
},
{
  "model": "main.activitycomment",
  "pk": 2,
  "fields": {
    "activity": 2,
    "user": 1,
    "content": "wonderful activity",
    "timestamp": "2024-11-12T13:41:33.296Z"
  }
},
{
  "model": "main.activitycomment",
  "pk": 3,
  "fields": {
    "activity": 2,
    "user": 1,
    "content": "say something..",
    "timestamp": "2024-11-12T13:41:34.262Z"
  }
},
{
  "model": "main.activitycomment",
  "pk": 4,
  "fields": {
    "activity": 3,
    "user": 1,
    "content": "wow",
    "timestamp": "2024-11-15T11:49:42.229Z"
  }
},
{
  "model": "main.activitycomment",
  "pk": 5,
  "fields": {
    "activity": 2,
    "user": 1,
    "content": "uii",
    "timestamp": "2024-11-15T12:11:18.223Z"
  }
},
{
  "model": "main.activitycomment",
  "pk": 6,
  "fields": {
    "activity": 2,
    "user": 1,
    "content": "nice work",
    "timestamp": "2024-11-15T18:21:29.290Z"
  }
},
{
  "model": "main.chat",
  "pk": 1,
  "fields": {
    "manager": 1,
    "title": "aka group",
    "created_at": "2024-12-02T16:36:48.893Z",
    "participants": [
      3
    ]
  }
},
{
  "model": "main.chat",
  "pk": 2,
  "fields": {
    "manager": 10,
    "title": "do",
    "created_at": "2025-03-23T19:57:16.378Z",
    "participants": [
      6
    ]
  }
},
{
  "model": "main.chat",
  "pk": 3,
  "fields": {
    "manager": 9,
    "title": "chat",
    "created_at": "2025-03-27T08:13:20.804Z",
    "participants": [
      3
    ]
  }
},
{
  "model": "main.message",
  "pk": 1,
  "fields": {
    "chat": 1,
    "sender": 1,
    "content": "hello",
    "timestamp": "2024-12-02T16:40:48.516Z"
  }
},
{
  "model": "main.message",
  "pk": 2,
  "fields": {
    "chat": 1,
    "sender": 3,
    "content": "whatsapp bro",
    "timestamp": "2024-12-02T17:49:17.329Z"
  }
},
{
  "model": "main.message",
  "pk": 3,
  "fields": {
    "chat": 1,
    "sender": 1,
    "content": "The \"spotlight effect\" is not a disease but a psychological phenomenon. It occurs when individuals believe that others are paying more attention to them than they actually are. This cognitive bias often leads people to overestimate how much their appearance, actions, or mistakes are noticed by others. Causes of the Spotlight Effect:      Egocentric Bias: People are naturally centered on their own thoughts and experiences. This self-focus makes it hard to realize that others are equally focused on themselves.     Social Anxiety: People with social anxiety are more prone to the spotlight effect because they fear negative judgment or scrutiny from others.     Inexperience or Low Confidence: Those who are unsure of themselves, particularly in unfamiliar social situations, may overestimate the attention they draw.     Cultural or Environmental Factors: Cultures or environments that emphasize individual performance or appearances can heighten awareness and lead to the spotlight effect.  How to Mitigate the Spotlight Effect:      Shift Perspective: Remind yourself that others are likely as preoccupied with their own lives as you are.     Practice Mindfulness: Stay grounded in the present moment instead of worrying about others perceptions.     Gain Experience: Repeated exposure to social situations can reduce the fear of judgment over time.     Seek Professional Help: If the spotlight effect is causing distress or interfering with daily life, therapy (like cognitive-behavioral therapy) can be beneficial.  Understanding this phenomenon is key to overcoming its impact and realizing that people are generally less focused on you than you might think.",
    "timestamp": "2024-12-03T03:44:35.013Z"
  }
},
{
  "model": "main.message",
  "pk": 4,
  "fields": {
    "chat": 1,
    "sender": 1,
    "content": "hella",
    "timestamp": "2024-12-03T03:46:25.050Z"
  }
},
{
  "model": "main.message",
  "pk": 5,
  "fields": {
    "chat": 1,
    "sender": 1,
    "content": "jk",
    "timestamp": "2024-12-03T04:09:20.045Z"
  }
},
{
  "model": "main.message",
  "pk": 6,
  "fields": {
    "chat": 1,
    "sender": 1,
    "content": "dd",
    "timestamp": "2024-12-03T04:24:28.889Z"
  }
},
{
  "model": "main.message",
  "pk": 7,
  "fields": {
    "chat": 1,
    "sender": 1,
    "content": "dd",
    "timestamp": "2024-12-03T04:25:27.088Z"
  }
},
{
  "model": "main.message",
  "pk": 8,
  "fields": {
    "chat": 1,
    "sender": 1,
    "content": "we",
    "timestamp": "2024-12-03T05:21:21.644Z"
  }
},
{
  "model": "main.message",
  "pk": 9,
  "fields": {
    "chat": 1,
    "sender": 1,
    "content": "ej",
    "timestamp": "2024-12-03T05:42:53.124Z"
  }
},
{
  "model": "main.message",
  "pk": 10,
  "fields": {
    "chat": 1,
    "sender": 1,
    "content": "hello world",
    "timestamp": "2024-12-03T06:13:28.122Z"
  }
},
{
  "model": "main.message",
  "pk": 11,
  "fields": {
    "chat": 1,
    "sender": 1,
    "content": "jak",
    "timestamp": "2024-12-03T07:30:37.297Z"
  }
},
{
  "model": "main.message",
  "pk": 12,
  "fields": {
    "chat": 3,
    "sender": 9,
    "content": "<p>hello <a href=\"http://127.0.0.1:8000/chat-detail/3/</p>\" target=\"_blank\" rel=\"noopener noreferrer\">http://127.0.0.1:8000/chat-detail/3/</p></a>",
    "timestamp": "2025-03-27T08:13:41.175Z"
  }
},
{
  "model": "main.affiliatelink",
  "pk": 1,
  "fields": {
    "title": "Eco-Friendly Starter Kit",
    "link": "https://www.amazon.com/eco-friendly-starter-kit",
    "description": "\"Support our campaign by purchasing this eco-friendly starter kit. A percentage of your purchase will go toward planting more trees!\"",
    "image": "affiliate_images/al.jpg",
    "created_at": "2024-12-09T07:01:05.282Z"
  }
},
{
  "model": "main.affiliatelink",
  "pk": 2,
  "fields": {
    "title": "Eco-Friendly Starter Kit",
    "link": "https://www.amazon.com/eco-friendly-starter-kit",
    "description": "\"Support our campaign by purchasing this eco-friendly starter kit. A percentage of your purchase will go toward planting more trees!\"",
    "image": "affiliate_images/al.jpg",
    "created_at": "2024-12-09T07:01:05.282Z"
  }
},
{
  "model": "main.affiliatelink",
  "pk": 3,
  "fields": {
    "title": "Eco-Friendly Starter Kitm",
    "link": "https://www.amazon.com/eco-friendly-starter-kit",
    "description": "Eco-Friendly Starter KitEco-Friendly Starter KitEco-Friendly Starter KitEco-Friendly Starter KitEco-Friendly Starter KitEco-Friendly Starter KitEco-Friendly Starter KitEco-Friendly Starter KitEco-Friendly Starter KitEco-Friendly Starter KitEco-Friendly Starter KitEco-Friendly Starter KitEco-Friendly Starter KitEco-Friendly Starter KitEco-Friendly Starter KitEco-Friendly Starter Kitk",
    "image": "affiliate_images/al.jpg",
    "created_at": "2024-12-09T07:01:05.282Z"
  }
},
{
  "model": "main.affiliatelink",
  "pk": 4,
  "fields": {
    "title": "bxnnnnnnnnnoxso",
    "link": "https://www.amazon.com/eco-friendly-starter-kit",
    "description": "\"Support our campaign by purchasing this eco-friendly starter kit. A percentage of your purchase will go toward planting more trees!\"",
    "image": "affiliate_images/kp.jpg",
    "created_at": "2024-12-09T07:01:05.282Z"
  }
},
{
  "model": "main.affiliatelink",
  "pk": 5,
  "fields": {
    "title": "Eco-Friendly Starter KitEco-Fr",
    "link": "http://127.0.0.1:8000/admin/main/nativead/add/",
    "description": "Eco-Friendly Starter KitEco-FrEco-Friendly Starter KitEco-Frlls Django to use your base template as a foundation.\r\n: This ensures that your specific content will be placed inside the",
    "image": "affiliate_images/ask.jpg",
    "created_at": "2024-12-09T07:01:05.282Z"
  }
},
{
  "model": "main.affiliatelink",
  "pk": 6,
  "fields": {
    "title": "ow New Links Are Created:",
    "link": "https://www.amazon.com/eco-friendly-starter-kit",
    "description": "Check How New Links Are Created: Inspect the code where new AffiliateLink instances are created. Make sure that the created_at field is not being overridden or manually set in a way that causes all records to share the same timestamp.\r\n\r\nTest with New Data: To check if the issue is with your existing data or the way new links are being created, you could manually create a new AffiliateLink instance using the Django shell:",
    "image": "affiliate_images/StarterBundle.webp",
    "created_at": "2024-12-09T07:13:48.823Z"
  }
},
{
  "model": "main.notification",
  "pk": 1,
  "fields": {
    "user": 1,
    "message": "An activity was added to your campaign 'Safeguarding Digital Rights: Advocacy and Protection'. <a href='/campaign/1/'>View Campaign</a>",
    "timestamp": "2024-10-31T19:51:36.335Z",
    "viewed": true,
    "campaign_notification": false,
    "campaign": null,
    "redirect_link": null
  }
},
{
  "model": "main.notification",
  "pk": 2,
  "fields": {
    "user": 1,
    "message": "pk loved your campaign 'This will create a cohesive yet distinct search engine interface tha'. <a href='/campaign/1/'>View Campaign</a>",
    "timestamp": "2024-11-01T11:28:56.821Z",
    "viewed": true,
    "campaign_notification": false,
    "campaign": null,
    "redirect_link": null
  }
},
{
  "model": "main.notification",
  "pk": 3,
  "fields": {
    "user": 1,
    "message": "pk loved your campaign 'This will create a cohesive yet distinct search engine interface tha'. <a href='/campaign/1/'>View Campaign</a>",
    "timestamp": "2024-11-01T11:36:09.327Z",
    "viewed": true,
    "campaign_notification": false,
    "campaign": null,
    "redirect_link": null
  }
},
{
  "model": "main.notification",
  "pk": 4,
  "fields": {
    "user": 1,
    "message": "pk loved your campaign 'This will create a cohesive yet distinct search engine interface tha'. <a href='/campaign/1/'>View Campaign</a>",
    "timestamp": "2024-11-01T11:41:20.648Z",
    "viewed": true,
    "campaign_notification": false,
    "campaign": null,
    "redirect_link": null
  }
},
{
  "model": "main.notification",
  "pk": 5,
  "fields": {
    "user": 1,
    "message": "pk loved your campaign 'This will create a cohesive yet distinct search engine interface tha'. <a href='/campaign/1/'>View Campaign</a>",
    "timestamp": "2024-11-01T11:42:23.306Z",
    "viewed": true,
    "campaign_notification": false,
    "campaign": null,
    "redirect_link": null
  }
},
{
  "model": "main.notification",
  "pk": 6,
  "fields": {
    "user": 1,
    "message": "pk loved your campaign 'This will create a cohesive yet distinct search engine interface tha'. <a href='/campaign/1/'>View Campaign</a>",
    "timestamp": "2024-11-01T12:13:50.323Z",
    "viewed": true,
    "campaign_notification": false,
    "campaign": null,
    "redirect_link": null
  }
},
{
  "model": "main.notification",
  "pk": 7,
  "fields": {
    "user": 1,
    "message": "pk loved your campaign 'This will create a cohesive yet distinct search engine interface tha'. <a href='/campaign/1/'>View Campaign</a>",
    "timestamp": "2024-11-01T12:23:11.808Z",
    "viewed": true,
    "campaign_notification": false,
    "campaign": null,
    "redirect_link": null
  }
},
{
  "model": "main.notification",
  "pk": 8,
  "fields": {
    "user": 1,
    "message": "pk loved your campaign 'With a passion for bringing ideas to life and helping communities grow, Kisoro Ashraf Colline has been actively'. <a href='/campaign/2/'>View Campaign</a>",
    "timestamp": "2024-11-01T12:31:28.893Z",
    "viewed": true,
    "campaign_notification": false,
    "campaign": null,
    "redirect_link": null
  }
},
{
  "model": "main.notification",
  "pk": 9,
  "fields": {
    "user": 1,
    "message": "pk loved your campaign 'With a passion for bringing ideas to life and helping communities grow, Kisoro Ashraf Colline has been actively'. <a href='/campaign/2/'>View Campaign</a>",
    "timestamp": "2024-11-01T12:33:44.509Z",
    "viewed": true,
    "campaign_notification": false,
    "campaign": null,
    "redirect_link": null
  }
},
{
  "model": "main.notification",
  "pk": 10,
  "fields": {
    "user": 1,
    "message": "pk loved your campaign 'This will create a cohesive yet distinct search engine interface tha'. <a href='/campaign/1/'>View Campaign</a>",
    "timestamp": "2024-11-01T12:34:45.163Z",
    "viewed": true,
    "campaign_notification": false,
    "campaign": null,
    "redirect_link": null
  }
},
{
  "model": "main.notification",
  "pk": 11,
  "fields": {
    "user": 1,
    "message": "pk loved your campaign 'With a passion for bringing ideas to life and helping communities grow, Kisoro Ashraf Colline has been actively'. <a href='/campaign/2/'>View Campaign</a>",
    "timestamp": "2024-11-01T12:41:48.462Z",
    "viewed": true,
    "campaign_notification": false,
    "campaign": null,
    "redirect_link": null
  }
},
{
  "model": "main.notification",
  "pk": 12,
  "fields": {
    "user": 1,
    "message": "kz started following you. <a href='/user-profile/kz/'>View Profile</a>",
    "timestamp": "2024-11-01T12:45:41.956Z",
    "viewed": true,
    "campaign_notification": false,
    "campaign": null,
    "redirect_link": null
  }
},
{
  "model": "main.notification",
  "pk": 13,
  "fields": {
    "user": 1,
    "message": "kz loved your campaign 'With a passion for bringing ideas to life and helping communities grow, Kisoro Ashraf Colline has been actively'. <a href='/campaign/2/'>View Campaign</a>",
    "timestamp": "2024-11-01T12:47:31.541Z",
    "viewed": true,
    "campaign_notification": false,
    "campaign": null,
    "redirect_link": null
  }
},
{
  "model": "main.notification",
  "pk": 14,
  "fields": {
    "user": 1,
    "message": "kz loved your campaign 'With a passion for bringing ideas to life and helping communities grow, Kisoro Ashraf Colline has been actively'. <a href='/campaign/2/'>View Campaign</a>",
    "timestamp": "2024-11-01T12:48:45.674Z",
    "viewed": true,
    "campaign_notification": false,
    "campaign": null,
    "redirect_link": null
  }
},
{
  "model": "main.notification",
  "pk": 15,
  "fields": {
    "user": 1,
    "message": "kz loved your campaign 'This will create a cohesive yet distinct search engine interface tha'. <a href='/campaign/1/'>View Campaign</a>",
    "timestamp": "2024-11-01T12:49:10.699Z",
    "viewed": true,
    "campaign_notification": false,
    "campaign": null,
    "redirect_link": null
  }
},
{
  "model": "main.notification",
  "pk": 16,
  "fields": {
    "user": 1,
    "message": "kz loved your campaign 'This will create a cohesive yet distinct search engine interface tha'. <a href='/campaign/1/'>View Campaign</a>",
    "timestamp": "2024-11-01T12:49:33.039Z",
    "viewed": true,
    "campaign_notification": false,
    "campaign": null,
    "redirect_link": null
  }
},
{
  "model": "main.notification",
  "pk": 17,
  "fields": {
    "user": 1,
    "message": "kz started following you. <a href='/user-profile/kz/'>View Profile</a>",
    "timestamp": "2024-11-01T12:50:40.724Z",
    "viewed": true,
    "campaign_notification": false,
    "campaign": null,
    "redirect_link": null
  }
},
{
  "model": "main.notification",
  "pk": 18,
  "fields": {
    "user": 1,
    "message": "kz loved your campaign 'This will create a cohesive yet distinct search engine interface tha'. <a href='/campaign/1/'>View Campaign</a>",
    "timestamp": "2024-11-01T12:57:56.785Z",
    "viewed": true,
    "campaign_notification": false,
    "campaign": null,
    "redirect_link": null
  }
},
{
  "model": "main.notification",
  "pk": 19,
  "fields": {
    "user": 1,
    "message": "kz loved your campaign 'With a passion for bringing ideas to life and helping communities grow, Kisoro Ashraf Colline has been actively'. <a href='/campaign/2/'>View Campaign</a>",
    "timestamp": "2024-11-01T12:58:19.650Z",
    "viewed": true,
    "campaign_notification": false,
    "campaign": null,
    "redirect_link": null
  }
},
{
  "model": "main.notification",
  "pk": 20,
  "fields": {
    "user": 1,
    "message": "kz loved your campaign 'This will create a cohesive yet distinct search engine interface tha'. <a href='/campaign/1/'>View Campaign</a>",
    "timestamp": "2024-11-01T12:59:14.940Z",
    "viewed": true,
    "campaign_notification": false,
    "campaign": null,
    "redirect_link": null
  }
},
{
  "model": "main.notification",
  "pk": 21,
  "fields": {
    "user": 1,
    "message": "kz loved your campaign 'With a passion for bringing ideas to life and helping communities grow, Kisoro Ashraf Colline has been actively'. <a href='/campaign/2/'>View Campaign</a>",
    "timestamp": "2024-11-01T13:05:04.269Z",
    "viewed": true,
    "campaign_notification": false,
    "campaign": null,
    "redirect_link": null
  }
},
{
  "model": "main.notification",
  "pk": 22,
  "fields": {
    "user": 1,
    "message": "kz started following you. <a href='/user-profile/kz/'>View Profile</a>",
    "timestamp": "2024-11-01T13:06:03.731Z",
    "viewed": true,
    "campaign_notification": false,
    "campaign": null,
    "redirect_link": null
  }
},
{
  "model": "main.notification",
  "pk": 23,
  "fields": {
    "user": 1,
    "message": "kz loved your campaign 'With a passion for bringing ideas to life and helping communities grow, Kisoro Ashraf Colline has been actively'. <a href='/campaign/2/'>View Campaign</a>",
    "timestamp": "2024-11-01T13:06:16.899Z",
    "viewed": true,
    "campaign_notification": false,
    "campaign": null,
    "redirect_link": null
  }
},
{
  "model": "main.notification",
  "pk": 24,
  "fields": {
    "user": 1,
    "message": "kz loved your campaign 'This will create a cohesive yet distinct search engine interface tha'. <a href='/campaign/1/'>View Campaign</a>",
    "timestamp": "2024-11-01T13:06:24.853Z",
    "viewed": true,
    "campaign_notification": false,
    "campaign": null,
    "redirect_link": null
  }
},
{
  "model": "main.notification",
  "pk": 25,
  "fields": {
    "user": 1,
    "message": "kz started following you. <a href='/user-profile/kz/'>View Profile</a>",
    "timestamp": "2024-11-01T13:07:30.600Z",
    "viewed": true,
    "campaign_notification": false,
    "campaign": null,
    "redirect_link": null
  }
},
{
  "model": "main.notification",
  "pk": 26,
  "fields": {
    "user": 1,
    "message": "pk loved your campaign 'This will create a cohesive yet distinct search engine interface tha'. <a href='/campaign/1/'>View Campaign</a>",
    "timestamp": "2024-11-01T13:08:56.004Z",
    "viewed": true,
    "campaign_notification": false,
    "campaign": null,
    "redirect_link": null
  }
},
{
  "model": "main.notification",
  "pk": 27,
  "fields": {
    "user": 1,
    "message": "pk loved your campaign 'With a passion for bringing ideas to life and helping communities grow, Kisoro Ashraf Colline has been actively'. <a href='/campaign/2/'>View Campaign</a>",
    "timestamp": "2024-11-01T13:09:36.162Z",
    "viewed": true,
    "campaign_notification": false,
    "campaign": null,
    "redirect_link": null
  }
},
{
  "model": "main.notification",
  "pk": 28,
  "fields": {
    "user": 3,
    "message": "pk started following you. <a href='/user-profile/pk/'>View Profile</a>",
    "timestamp": "2024-11-01T13:11:49.418Z",
    "viewed": true,
    "campaign_notification": false,
    "campaign": null,
    "redirect_link": null
  }
},
{
  "model": "main.notification",
  "pk": 29,
  "fields": {
    "user": 3,
    "message": "kz loved your campaign 'Tears of Gaza - Wikipedia Images may be subject to copyright. Learn More'. <a href='/campaign/3/'>View Campaign</a>",
    "timestamp": "2024-11-01T13:35:42.812Z",
    "viewed": true,
    "campaign_notification": false,
    "campaign": null,
    "redirect_link": null
  }
},
{
  "model": "main.notification",
  "pk": 30,
  "fields": {
    "user": 3,
    "message": "pk loved your campaign 'Tears of Gaza - Wikipedia Images may be subject to copyright. Learn More'. <a href='/campaign/3/'>View Campaign</a>",
    "timestamp": "2024-11-01T13:36:16.811Z",
    "viewed": true,
    "campaign_notification": false,
    "campaign": null,
    "redirect_link": null
  }
},
{
  "model": "main.notification",
  "pk": 31,
  "fields": {
    "user": 3,
    "message": "pk loved your campaign 'Tears of Gaza - Wikipedia Images may be subject to copyright. Learn More'. <a href='/campaign/3/'>View Campaign</a>",
    "timestamp": "2024-11-01T13:36:23.481Z",
    "viewed": true,
    "campaign_notification": false,
    "campaign": null,
    "redirect_link": null
  }
},
{
  "model": "main.notification",
  "pk": 32,
  "fields": {
    "user": 1,
    "message": "pk loved your campaign 'This will create a cohesive yet distinct search engine interface tha'. <a href='/campaign/1/'>View Campaign</a>",
    "timestamp": "2024-11-01T13:36:47.883Z",
    "viewed": true,
    "campaign_notification": false,
    "campaign": null,
    "redirect_link": null
  }
},
{
  "model": "main.notification",
  "pk": 33,
  "fields": {
    "user": 3,
    "message": "kz loved your campaign 'Tears of Gaza - Wikipedia Images may be subject to copyright. Learn More'. <a href='/campaign/3/'>View Campaign</a>",
    "timestamp": "2024-11-01T13:37:14.073Z",
    "viewed": true,
    "campaign_notification": false,
    "campaign": null,
    "redirect_link": null
  }
},
{
  "model": "main.notification",
  "pk": 34,
  "fields": {
    "user": 1,
    "message": "kz loved your campaign 'With a passion for bringing ideas to life and helping communities grow, Kisoro Ashraf Colline has been actively'. <a href='/campaign/2/'>View Campaign</a>",
    "timestamp": "2024-11-01T13:37:22.363Z",
    "viewed": true,
    "campaign_notification": false,
    "campaign": null,
    "redirect_link": null
  }
},
{
  "model": "main.notification",
  "pk": 35,
  "fields": {
    "user": 1,
    "message": "kz loved your campaign 'This will create a cohesive yet distinct search engine interface tha'. <a href='/campaign/1/'>View Campaign</a>",
    "timestamp": "2024-11-01T13:37:30.811Z",
    "viewed": true,
    "campaign_notification": false,
    "campaign": null,
    "redirect_link": null
  }
},
{
  "model": "main.notification",
  "pk": 36,
  "fields": {
    "user": 1,
    "message": "kz loved your campaign 'With a passion for bringing ideas to life and helping communities grow, Kisoro Ashraf Colline has been actively'. <a href='/campaign/2/'>View Campaign</a>",
    "timestamp": "2024-11-01T13:38:12.943Z",
    "viewed": true,
    "campaign_notification": false,
    "campaign": null,
    "redirect_link": null
  }
},
{
  "model": "main.notification",
  "pk": 37,
  "fields": {
    "user": 1,
    "message": "kz loved your campaign 'With a passion for bringing ideas to life and helping communities grow, Kisoro Ashraf Colline has been actively'. <a href='/campaign/2/'>View Campaign</a>",
    "timestamp": "2024-11-01T13:39:52.872Z",
    "viewed": true,
    "campaign_notification": false,
    "campaign": null,
    "redirect_link": null
  }
},
{
  "model": "main.notification",
  "pk": 38,
  "fields": {
    "user": 1,
    "message": "kz loved your campaign 'This will create a cohesive yet distinct search engine interface tha'. <a href='/campaign/1/'>View Campaign</a>",
    "timestamp": "2024-11-01T13:40:28.066Z",
    "viewed": true,
    "campaign_notification": false,
    "campaign": null,
    "redirect_link": null
  }
},
{
  "model": "main.notification",
  "pk": 39,
  "fields": {
    "user": 1,
    "message": "kz loved your campaign 'With a passion for bringing ideas to life and helping communities grow, Kisoro Ashraf Colline has been actively'. <a href='/campaign/2/'>View Campaign</a>",
    "timestamp": "2024-11-01T13:42:32.509Z",
    "viewed": true,
    "campaign_notification": false,
    "campaign": null,
    "redirect_link": null
  }
},
{
  "model": "main.notification",
  "pk": 40,
  "fields": {
    "user": 1,
    "message": "pk loved your campaign 'This will create a cohesive yet distinct search engine interface tha'. <a href='/campaign/1/'>View Campaign</a>",
    "timestamp": "2024-11-01T13:43:55.463Z",
    "viewed": true,
    "campaign_notification": false,
    "campaign": null,
    "redirect_link": null
  }
},
{
  "model": "main.notification",
  "pk": 41,
  "fields": {
    "user": 1,
    "message": "pk loved your campaign 'With a passion for bringing ideas to life and helping communities grow, Kisoro Ashraf Colline has been actively'. <a href='/campaign/2/'>View Campaign</a>",
    "timestamp": "2024-11-01T13:44:00.683Z",
    "viewed": true,
    "campaign_notification": false,
    "campaign": null,
    "redirect_link": null
  }
},
{
  "model": "main.notification",
  "pk": 42,
  "fields": {
    "user": 3,
    "message": "pk loved your campaign 'Tears of Gaza - Wikipedia Images may be subject to copyright. Learn More'. <a href='/campaign/3/'>View Campaign</a>",
    "timestamp": "2024-11-01T13:44:09.033Z",
    "viewed": true,
    "campaign_notification": false,
    "campaign": null,
    "redirect_link": null
  }
},
{
  "model": "main.notification",
  "pk": 43,
  "fields": {
    "user": 3,
    "message": "pk loved your campaign 'Tears of Gaza - Wikipedia Images may be subject to copyright. Learn More'. <a href='/campaign/3/'>View Campaign</a>",
    "timestamp": "2024-11-01T13:44:22.888Z",
    "viewed": true,
    "campaign_notification": false,
    "campaign": null,
    "redirect_link": null
  }
},
{
  "model": "main.notification",
  "pk": 44,
  "fields": {
    "user": 1,
    "message": "pk loved your campaign 'This will create a cohesive yet distinct search engine interface tha'. <a href='/campaign/1/'>View Campaign</a>",
    "timestamp": "2024-11-01T13:45:11.833Z",
    "viewed": true,
    "campaign_notification": false,
    "campaign": null,
    "redirect_link": null
  }
},
{
  "model": "main.notification",
  "pk": 45,
  "fields": {
    "user": 1,
    "message": "pk loved your campaign 'With a passion for bringing ideas to life and helping communities grow, Kisoro Ashraf Colline has been actively'. <a href='/campaign/2/'>View Campaign</a>",
    "timestamp": "2024-11-01T13:45:19.734Z",
    "viewed": true,
    "campaign_notification": false,
    "campaign": null,
    "redirect_link": null
  }
},
{
  "model": "main.notification",
  "pk": 46,
  "fields": {
    "user": 3,
    "message": "pk loved your campaign 'Tears of Gaza - Wikipedia Images may be subject to copyright. Learn More'. <a href='/campaign/3/'>View Campaign</a>",
    "timestamp": "2024-11-01T13:52:49.634Z",
    "viewed": true,
    "campaign_notification": false,
    "campaign": null,
    "redirect_link": null
  }
},
{
  "model": "main.notification",
  "pk": 47,
  "fields": {
    "user": 1,
    "message": "pk loved your campaign 'This will create a cohesive yet distinct search engine interface tha'. <a href='/campaign/1/'>View Campaign</a>",
    "timestamp": "2024-11-01T14:01:12.432Z",
    "viewed": true,
    "campaign_notification": false,
    "campaign": null,
    "redirect_link": null
  }
},
{
  "model": "main.notification",
  "pk": 48,
  "fields": {
    "user": 1,
    "message": "pk loved your campaign 'This will create a cohesive yet distinct search engine interface tha'. <a href='/campaign/1/'>View Campaign</a>",
    "timestamp": "2024-11-01T14:01:17.892Z",
    "viewed": true,
    "campaign_notification": false,
    "campaign": null,
    "redirect_link": null
  }
},
{
  "model": "main.notification",
  "pk": 49,
  "fields": {
    "user": 3,
    "message": "pk loved your campaign 'Tears of Gaza - Wikipedia Images may be subject to copyright. Learn More'. <a href='/campaign/3/'>View Campaign</a>",
    "timestamp": "2024-11-01T14:15:09.031Z",
    "viewed": true,
    "campaign_notification": false,
    "campaign": null,
    "redirect_link": null
  }
},
{
  "model": "main.notification",
  "pk": 50,
  "fields": {
    "user": 1,
    "message": "pk loved your campaign 'With a passion for bringing ideas to life and helping communities grow, Kisoro Ashraf Colline has been actively'. <a href='/campaign/2/'>View Campaign</a>",
    "timestamp": "2024-11-01T14:40:56.408Z",
    "viewed": true,
    "campaign_notification": false,
    "campaign": null,
    "redirect_link": null
  }
},
{
  "model": "main.notification",
  "pk": 51,
  "fields": {
    "user": 1,
    "message": "pk loved your campaign 'This will create a cohesive yet distinct search engine interface tha'. <a href='/campaign/1/'>View Campaign</a>",
    "timestamp": "2024-11-01T15:11:51.260Z",
    "viewed": true,
    "campaign_notification": false,
    "campaign": null,
    "redirect_link": null
  }
},
{
  "model": "main.notification",
  "pk": 52,
  "fields": {
    "user": 3,
    "message": "pk loved your campaign 'Tears of Gaza - Wikipedia Images may be subject to copyright. Learn More'. <a href='/campaign/3/'>View Campaign</a>",
    "timestamp": "2024-11-02T05:41:32.429Z",
    "viewed": true,
    "campaign_notification": false,
    "campaign": null,
    "redirect_link": null
  }
},
{
  "model": "main.notification",
  "pk": 53,
  "fields": {
    "user": 3,
    "message": "pk loved your campaign 'Tears of Gaza - Wikipedia Images may be subject to copyright. Learn More'. <a href='/campaign/3/'>View Campaign</a>",
    "timestamp": "2024-11-02T05:54:05.619Z",
    "viewed": true,
    "campaign_notification": false,
    "campaign": null,
    "redirect_link": null
  }
},
{
  "model": "main.notification",
  "pk": 54,
  "fields": {
    "user": 3,
    "message": "pk loved your campaign 'Tears of Gaza - Wikipedia Images may be subject to copyright. Learn More'. <a href='/campaign/3/'>View Campaign</a>",
    "timestamp": "2024-11-02T05:54:13.170Z",
    "viewed": true,
    "campaign_notification": false,
    "campaign": null,
    "redirect_link": null
  }
},
{
  "model": "main.notification",
  "pk": 55,
  "fields": {
    "user": 1,
    "message": "pk loved your campaign 'With a passion for bringing ideas to life and helping communities grow, Kisoro Ashraf Colline has been actively'. <a href='/campaign/2/'>View Campaign</a>",
    "timestamp": "2024-11-02T05:54:28.301Z",
    "viewed": true,
    "campaign_notification": false,
    "campaign": null,
    "redirect_link": null
  }
},
{
  "model": "main.notification",
  "pk": 56,
  "fields": {
    "user": 1,
    "message": "pk loved your campaign 'This will create a cohesive yet distinct search engine interface tha'. <a href='/campaign/1/'>View Campaign</a>",
    "timestamp": "2024-11-02T05:54:47.134Z",
    "viewed": true,
    "campaign_notification": false,
    "campaign": null,
    "redirect_link": null
  }
},
{
  "model": "main.notification",
  "pk": 57,
  "fields": {
    "user": 1,
    "message": "pk loved your campaign 'With a passion for bringing ideas to life and helping communities grow, Kisoro Ashraf Colline has been actively'. <a href='/campaign/2/'>View Campaign</a>",
    "timestamp": "2024-11-02T05:57:27.231Z",
    "viewed": true,
    "campaign_notification": false,
    "campaign": null,
    "redirect_link": null
  }
},
{
  "model": "main.notification",
  "pk": 58,
  "fields": {
    "user": 3,
    "message": "pk loved your campaign 'Tears of Gaza - Wikipedia Images may be subject to copyright. Learn More'. <a href='/campaign/3/'>View Campaign</a>",
    "timestamp": "2024-11-02T06:01:48.113Z",
    "viewed": true,
    "campaign_notification": false,
    "campaign": null,
    "redirect_link": null
  }
},
{
  "model": "main.notification",
  "pk": 59,
  "fields": {
    "user": 1,
    "message": "pk loved your campaign 'With a passion for bringing ideas to life and helping communities grow, Kisoro Ashraf Colline has been actively'. <a href='/campaign/2/'>View Campaign</a>",
    "timestamp": "2024-11-02T06:03:39.270Z",
    "viewed": true,
    "campaign_notification": false,
    "campaign": null,
    "redirect_link": null
  }
},
{
  "model": "main.notification",
  "pk": 60,
  "fields": {
    "user": 1,
    "message": "pk loved your campaign 'This will create a cohesive yet distinct search engine interface tha'. <a href='/campaign/1/'>View Campaign</a>",
    "timestamp": "2024-11-02T06:03:54.227Z",
    "viewed": true,
    "campaign_notification": false,
    "campaign": null,
    "redirect_link": null
  }
},
{
  "model": "main.notification",
  "pk": 61,
  "fields": {
    "user": 1,
    "message": "pk loved your campaign 'This will create a cohesive yet distinct search engine interface tha'. <a href='/campaign/1/'>View Campaign</a>",
    "timestamp": "2024-11-02T06:06:28.656Z",
    "viewed": true,
    "campaign_notification": false,
    "campaign": null,
    "redirect_link": null
  }
},
{
  "model": "main.notification",
  "pk": 62,
  "fields": {
    "user": 1,
    "message": "pk loved your campaign 'This will create a cohesive yet distinct search engine interface tha'. <a href='/campaign/1/'>View Campaign</a>",
    "timestamp": "2024-11-02T06:06:33.384Z",
    "viewed": true,
    "campaign_notification": false,
    "campaign": null,
    "redirect_link": null
  }
},
{
  "model": "main.notification",
  "pk": 63,
  "fields": {
    "user": 1,
    "message": "pk loved your campaign 'With a passion for bringing ideas to life and helping communities grow, Kisoro Ashraf Colline has been actively'. <a href='/campaign/2/'>View Campaign</a>",
    "timestamp": "2024-11-02T06:06:40.855Z",
    "viewed": true,
    "campaign_notification": false,
    "campaign": null,
    "redirect_link": null
  }
},
{
  "model": "main.notification",
  "pk": 64,
  "fields": {
    "user": 3,
    "message": "pk loved your campaign 'Tears of Gaza - Wikipedia Images may be subject to copyright. Learn More'. <a href='/campaign/3/'>View Campaign</a>",
    "timestamp": "2024-11-02T06:06:49.923Z",
    "viewed": true,
    "campaign_notification": false,
    "campaign": null,
    "redirect_link": null
  }
},
{
  "model": "main.notification",
  "pk": 65,
  "fields": {
    "user": 3,
    "message": "pk loved your campaign 'Tears of Gaza - Wikipedia Images may be subject to copyright. Learn More'. <a href='/campaign/3/'>View Campaign</a>",
    "timestamp": "2024-11-02T06:09:08.385Z",
    "viewed": true,
    "campaign_notification": false,
    "campaign": null,
    "redirect_link": null
  }
},
{
  "model": "main.notification",
  "pk": 66,
  "fields": {
    "user": 3,
    "message": "pk loved your campaign 'Tears of Gaza - Wikipedia Images may be subject to copyright. Learn More'. <a href='/campaign/3/'>View Campaign</a>",
    "timestamp": "2024-11-02T06:09:36.826Z",
    "viewed": true,
    "campaign_notification": false,
    "campaign": null,
    "redirect_link": null
  }
},
{
  "model": "main.notification",
  "pk": 67,
  "fields": {
    "user": 1,
    "message": "pk loved your campaign 'With a passion for bringing ideas to life and helping communities grow, Kisoro Ashraf Colline has been actively'. <a href='/campaign/2/'>View Campaign</a>",
    "timestamp": "2024-11-02T06:09:46.109Z",
    "viewed": true,
    "campaign_notification": false,
    "campaign": null,
    "redirect_link": null
  }
},
{
  "model": "main.notification",
  "pk": 68,
  "fields": {
    "user": 1,
    "message": "pk loved your campaign 'This will create a cohesive yet distinct search engine interface tha'. <a href='/campaign/1/'>View Campaign</a>",
    "timestamp": "2024-11-02T06:12:34.384Z",
    "viewed": true,
    "campaign_notification": false,
    "campaign": null,
    "redirect_link": null
  }
},
{
  "model": "main.notification",
  "pk": 69,
  "fields": {
    "user": 1,
    "message": "pk loved your campaign 'This will create a cohesive yet distinct search engine interface tha'. <a href='/campaign/1/'>View Campaign</a>",
    "timestamp": "2024-11-02T06:12:43.593Z",
    "viewed": true,
    "campaign_notification": false,
    "campaign": null,
    "redirect_link": null
  }
},
{
  "model": "main.notification",
  "pk": 70,
  "fields": {
    "user": 1,
    "message": "pk loved your campaign 'With a passion for bringing ideas to life and helping communities grow, Kisoro Ashraf Colline has been actively'. <a href='/campaign/2/'>View Campaign</a>",
    "timestamp": "2024-11-02T06:13:02.625Z",
    "viewed": true,
    "campaign_notification": false,
    "campaign": null,
    "redirect_link": null
  }
},
{
  "model": "main.notification",
  "pk": 71,
  "fields": {
    "user": 3,
    "message": "pk loved your campaign 'Tears of Gaza - Wikipedia Images may be subject to copyright. Learn More'. <a href='/campaign/3/'>View Campaign</a>",
    "timestamp": "2024-11-02T06:13:11.152Z",
    "viewed": true,
    "campaign_notification": false,
    "campaign": null,
    "redirect_link": null
  }
},
{
  "model": "main.notification",
  "pk": 72,
  "fields": {
    "user": 1,
    "message": "pk loved your campaign 'With a passion for bringing ideas to life and helping communities grow, Kisoro Ashraf Colline has been actively'. <a href='/campaign/2/'>View Campaign</a>",
    "timestamp": "2024-11-02T06:15:58.406Z",
    "viewed": true,
    "campaign_notification": false,
    "campaign": null,
    "redirect_link": null
  }
},
{
  "model": "main.notification",
  "pk": 73,
  "fields": {
    "user": 1,
    "message": "pk loved your campaign 'This will create a cohesive yet distinct search engine interface tha'. <a href='/campaign/1/'>View Campaign</a>",
    "timestamp": "2024-11-02T06:16:24.215Z",
    "viewed": true,
    "campaign_notification": false,
    "campaign": null,
    "redirect_link": null
  }
},
{
  "model": "main.notification",
  "pk": 74,
  "fields": {
    "user": 1,
    "message": "pk loved your campaign 'This will create a cohesive yet distinct search engine interface tha'. <a href='/campaign/1/'>View Campaign</a>",
    "timestamp": "2024-11-02T06:16:30.849Z",
    "viewed": true,
    "campaign_notification": false,
    "campaign": null,
    "redirect_link": null
  }
},
{
  "model": "main.notification",
  "pk": 75,
  "fields": {
    "user": 1,
    "message": "pk loved your campaign 'This will create a cohesive yet distinct search engine interface tha'. <a href='/campaign/1/'>View Campaign</a>",
    "timestamp": "2024-11-02T06:16:33.721Z",
    "viewed": true,
    "campaign_notification": false,
    "campaign": null,
    "redirect_link": null
  }
},
{
  "model": "main.notification",
  "pk": 76,
  "fields": {
    "user": 1,
    "message": "pk loved your campaign 'This will create a cohesive yet distinct search engine interface tha'. <a href='/campaign/1/'>View Campaign</a>",
    "timestamp": "2024-11-02T06:16:37.608Z",
    "viewed": true,
    "campaign_notification": false,
    "campaign": null,
    "redirect_link": null
  }
},
{
  "model": "main.notification",
  "pk": 77,
  "fields": {
    "user": 1,
    "message": "pk loved your campaign 'This will create a cohesive yet distinct search engine interface tha'. <a href='/campaign/1/'>View Campaign</a>",
    "timestamp": "2024-11-02T06:16:39.903Z",
    "viewed": true,
    "campaign_notification": false,
    "campaign": null,
    "redirect_link": null
  }
},
{
  "model": "main.notification",
  "pk": 78,
  "fields": {
    "user": 1,
    "message": "pk loved your campaign 'With a passion for bringing ideas to life and helping communities grow, Kisoro Ashraf Colline has been actively'. <a href='/campaign/2/'>View Campaign</a>",
    "timestamp": "2024-11-02T06:17:05.827Z",
    "viewed": true,
    "campaign_notification": false,
    "campaign": null,
    "redirect_link": null
  }
},
{
  "model": "main.notification",
  "pk": 79,
  "fields": {
    "user": 1,
    "message": "pk loved your campaign 'With a passion for bringing ideas to life and helping communities grow, Kisoro Ashraf Colline has been actively'. <a href='/campaign/2/'>View Campaign</a>",
    "timestamp": "2024-11-02T06:17:14.518Z",
    "viewed": true,
    "campaign_notification": false,
    "campaign": null,
    "redirect_link": null
  }
},
{
  "model": "main.notification",
  "pk": 80,
  "fields": {
    "user": 1,
    "message": "pk loved your campaign 'With a passion for bringing ideas to life and helping communities grow, Kisoro Ashraf Colline has been actively'. <a href='/campaign/2/'>View Campaign</a>",
    "timestamp": "2024-11-02T06:17:24.414Z",
    "viewed": true,
    "campaign_notification": false,
    "campaign": null,
    "redirect_link": null
  }
},
{
  "model": "main.notification",
  "pk": 81,
  "fields": {
    "user": 1,
    "message": "pk loved your campaign 'This will create a cohesive yet distinct search engine interface tha'. <a href='/campaign/1/'>View Campaign</a>",
    "timestamp": "2024-11-02T06:17:34.861Z",
    "viewed": true,
    "campaign_notification": false,
    "campaign": null,
    "redirect_link": null
  }
},
{
  "model": "main.notification",
  "pk": 82,
  "fields": {
    "user": 1,
    "message": "pk loved your campaign 'This will create a cohesive yet distinct search engine interface tha'. <a href='/campaign/1/'>View Campaign</a>",
    "timestamp": "2024-11-02T06:17:39.807Z",
    "viewed": true,
    "campaign_notification": false,
    "campaign": null,
    "redirect_link": null
  }
},
{
  "model": "main.notification",
  "pk": 83,
  "fields": {
    "user": 1,
    "message": "pk loved your campaign 'This will create a cohesive yet distinct search engine interface tha'. <a href='/campaign/1/'>View Campaign</a>",
    "timestamp": "2024-11-02T06:17:44.141Z",
    "viewed": true,
    "campaign_notification": false,
    "campaign": null,
    "redirect_link": null
  }
},
{
  "model": "main.notification",
  "pk": 84,
  "fields": {
    "user": 1,
    "message": "pk loved your campaign 'This will create a cohesive yet distinct search engine interface tha'. <a href='/campaign/1/'>View Campaign</a>",
    "timestamp": "2024-11-02T06:17:46.604Z",
    "viewed": true,
    "campaign_notification": false,
    "campaign": null,
    "redirect_link": null
  }
},
{
  "model": "main.notification",
  "pk": 85,
  "fields": {
    "user": 1,
    "message": "pk loved your campaign 'This will create a cohesive yet distinct search engine interface tha'. <a href='/campaign/1/'>View Campaign</a>",
    "timestamp": "2024-11-02T06:18:06.814Z",
    "viewed": true,
    "campaign_notification": false,
    "campaign": null,
    "redirect_link": null
  }
},
{
  "model": "main.notification",
  "pk": 86,
  "fields": {
    "user": 1,
    "message": "pk loved your campaign 'This will create a cohesive yet distinct search engine interface tha'. <a href='/campaign/1/'>View Campaign</a>",
    "timestamp": "2024-11-02T06:18:29.695Z",
    "viewed": true,
    "campaign_notification": false,
    "campaign": null,
    "redirect_link": null
  }
},
{
  "model": "main.notification",
  "pk": 87,
  "fields": {
    "user": 3,
    "message": "pk loved your campaign 'Tears of Gaza - Wikipedia Images may be subject to copyright. Learn More'. <a href='/campaign/3/'>View Campaign</a>",
    "timestamp": "2024-11-02T06:19:54.994Z",
    "viewed": true,
    "campaign_notification": false,
    "campaign": null,
    "redirect_link": null
  }
},
{
  "model": "main.notification",
  "pk": 88,
  "fields": {
    "user": 3,
    "message": "pk loved your campaign 'Tears of Gaza - Wikipedia Images may be subject to copyright. Learn More'. <a href='/campaign/3/'>View Campaign</a>",
    "timestamp": "2024-11-02T06:20:05.537Z",
    "viewed": true,
    "campaign_notification": false,
    "campaign": null,
    "redirect_link": null
  }
},
{
  "model": "main.notification",
  "pk": 89,
  "fields": {
    "user": 3,
    "message": "pk loved your campaign 'Tears of Gaza - Wikipedia Images may be subject to copyright. Learn More'. <a href='/campaign/3/'>View Campaign</a>",
    "timestamp": "2024-11-02T06:20:08.655Z",
    "viewed": true,
    "campaign_notification": false,
    "campaign": null,
    "redirect_link": null
  }
},
{
  "model": "main.notification",
  "pk": 90,
  "fields": {
    "user": 3,
    "message": "pk loved your campaign 'Tears of Gaza - Wikipedia Images may be subject to copyright. Learn More'. <a href='/campaign/3/'>View Campaign</a>",
    "timestamp": "2024-11-02T06:20:10.953Z",
    "viewed": true,
    "campaign_notification": false,
    "campaign": null,
    "redirect_link": null
  }
},
{
  "model": "main.notification",
  "pk": 91,
  "fields": {
    "user": 3,
    "message": "pk loved your campaign 'Tears of Gaza - Wikipedia Images may be subject to copyright. Learn More'. <a href='/campaign/3/'>View Campaign</a>",
    "timestamp": "2024-11-02T06:20:13.006Z",
    "viewed": true,
    "campaign_notification": false,
    "campaign": null,
    "redirect_link": null
  }
},
{
  "model": "main.notification",
  "pk": 92,
  "fields": {
    "user": 3,
    "message": "pk loved your campaign 'Tears of Gaza - Wikipedia Images may be subject to copyright. Learn More'. <a href='/campaign/3/'>View Campaign</a>",
    "timestamp": "2024-11-02T06:20:15.093Z",
    "viewed": true,
    "campaign_notification": false,
    "campaign": null,
    "redirect_link": null
  }
},
{
  "model": "main.notification",
  "pk": 93,
  "fields": {
    "user": 3,
    "message": "pk loved your campaign 'Tears of Gaza - Wikipedia Images may be subject to copyright. Learn More'. <a href='/campaign/3/'>View Campaign</a>",
    "timestamp": "2024-11-02T06:20:33.652Z",
    "viewed": true,
    "campaign_notification": false,
    "campaign": null,
    "redirect_link": null
  }
},
{
  "model": "main.notification",
  "pk": 94,
  "fields": {
    "user": 1,
    "message": "pk loved your campaign 'This will create a cohesive yet distinct search engine interface tha'. <a href='/campaign/1/'>View Campaign</a>",
    "timestamp": "2024-11-02T06:21:01.013Z",
    "viewed": true,
    "campaign_notification": false,
    "campaign": null,
    "redirect_link": null
  }
},
{
  "model": "main.notification",
  "pk": 95,
  "fields": {
    "user": 1,
    "message": "pk loved your campaign 'With a passion for bringing ideas to life and helping communities grow, Kisoro Ashraf Colline has been actively'. <a href='/campaign/2/'>View Campaign</a>",
    "timestamp": "2024-11-02T06:21:26.309Z",
    "viewed": true,
    "campaign_notification": false,
    "campaign": null,
    "redirect_link": null
  }
},
{
  "model": "main.notification",
  "pk": 96,
  "fields": {
    "user": 1,
    "message": "pk loved your campaign 'With a passion for bringing ideas to life and helping communities grow, Kisoro Ashraf Colline has been actively'. <a href='/campaign/2/'>View Campaign</a>",
    "timestamp": "2024-11-02T06:26:21.954Z",
    "viewed": true,
    "campaign_notification": false,
    "campaign": null,
    "redirect_link": null
  }
},
{
  "model": "main.notification",
  "pk": 97,
  "fields": {
    "user": 3,
    "message": "pk loved your campaign 'Tears of Gaza - Wikipedia Images may be subject to copyright. Learn More'. <a href='/campaign/3/'>View Campaign</a>",
    "timestamp": "2024-11-02T06:29:43.853Z",
    "viewed": true,
    "campaign_notification": false,
    "campaign": null,
    "redirect_link": null
  }
},
{
  "model": "main.notification",
  "pk": 98,
  "fields": {
    "user": 3,
    "message": "pk loved your campaign 'Tears of Gaza - Wikipedia Images may be subject to copyright. Learn More'. <a href='/campaign/3/'>View Campaign</a>",
    "timestamp": "2024-11-02T06:40:20.148Z",
    "viewed": true,
    "campaign_notification": false,
    "campaign": null,
    "redirect_link": null
  }
},
{
  "model": "main.notification",
  "pk": 99,
  "fields": {
    "user": 1,
    "message": "pk loved your campaign 'This will create a cohesive yet distinct search engine interface tha'. <a href='/campaign/1/'>View Campaign</a>",
    "timestamp": "2024-11-02T06:57:11.116Z",
    "viewed": true,
    "campaign_notification": false,
    "campaign": null,
    "redirect_link": null
  }
},
{
  "model": "main.notification",
  "pk": 100,
  "fields": {
    "user": 3,
    "message": "pk loved your campaign 'Tears of Gaza - Wikipedia Images may be subject to copyright. Learn More'. <a href='/campaign/3/'>View Campaign</a>",
    "timestamp": "2024-11-02T07:05:31.307Z",
    "viewed": true,
    "campaign_notification": false,
    "campaign": null,
    "redirect_link": null
  }
},
{
  "model": "main.notification",
  "pk": 101,
  "fields": {
    "user": 3,
    "message": "pk loved your campaign 'Tears of Gaza - Wikipedia Images may be subject to copyright. Learn More'. <a href='/campaign/3/'>View Campaign</a>",
    "timestamp": "2024-11-02T07:08:37.106Z",
    "viewed": true,
    "campaign_notification": false,
    "campaign": null,
    "redirect_link": null
  }
},
{
  "model": "main.notification",
  "pk": 102,
  "fields": {
    "user": 3,
    "message": "pk loved your campaign 'Tears of Gaza - Wikipedia Images may be subject to copyright. Learn More'. <a href='/campaign/3/'>View Campaign</a>",
    "timestamp": "2024-11-02T07:16:37.406Z",
    "viewed": true,
    "campaign_notification": false,
    "campaign": null,
    "redirect_link": null
  }
},
{
  "model": "main.notification",
  "pk": 103,
  "fields": {
    "user": 3,
    "message": "pk loved your campaign 'Tears of Gaza - Wikipedia Images may be subject to copyright. Learn More'. <a href='/campaign/3/'>View Campaign</a>",
    "timestamp": "2024-11-02T07:29:06.714Z",
    "viewed": true,
    "campaign_notification": false,
    "campaign": null,
    "redirect_link": null
  }
},
{
  "model": "main.notification",
  "pk": 104,
  "fields": {
    "user": 3,
    "message": "pk loved your campaign 'Tears of Gaza - Wikipedia Images may be subject to copyright. Learn More'. <a href='/campaign/3/'>View Campaign</a>",
    "timestamp": "2024-11-02T07:29:09.787Z",
    "viewed": true,
    "campaign_notification": false,
    "campaign": null,
    "redirect_link": null
  }
},
{
  "model": "main.notification",
  "pk": 105,
  "fields": {
    "user": 3,
    "message": "pk loved your campaign 'Tears of Gaza - Wikipedia Images may be subject to copyright. Learn More'. <a href='/campaign/3/'>View Campaign</a>",
    "timestamp": "2024-11-02T07:29:13.636Z",
    "viewed": true,
    "campaign_notification": false,
    "campaign": null,
    "redirect_link": null
  }
},
{
  "model": "main.notification",
  "pk": 106,
  "fields": {
    "user": 3,
    "message": "pk loved your campaign 'Tears of Gaza - Wikipedia Images may be subject to copyright. Learn More'. <a href='/campaign/3/'>View Campaign</a>",
    "timestamp": "2024-11-02T07:29:16.923Z",
    "viewed": true,
    "campaign_notification": false,
    "campaign": null,
    "redirect_link": null
  }
},
{
  "model": "main.notification",
  "pk": 107,
  "fields": {
    "user": 3,
    "message": "pk loved your campaign 'Tears of Gaza - Wikipedia Images may be subject to copyright. Learn More'. <a href='/campaign/3/'>View Campaign</a>",
    "timestamp": "2024-11-02T17:29:49.431Z",
    "viewed": true,
    "campaign_notification": false,
    "campaign": null,
    "redirect_link": null
  }
},
{
  "model": "main.notification",
  "pk": 108,
  "fields": {
    "user": 1,
    "message": "pk loved an activity in your campaign 'This will create a cohesive yet distinct search engine interface tha'. <a href='/campaign/1/'>View Campaign</a>",
    "timestamp": "2024-11-02T17:33:55.261Z",
    "viewed": true,
    "campaign_notification": false,
    "campaign": null,
    "redirect_link": null
  }
},
{
  "model": "main.notification",
  "pk": 109,
  "fields": {
    "user": 1,
    "message": "pk loved your campaign 'This will create a cohesive yet distinct search engine interface tha'. <a href='/campaign/1/'>View Campaign</a>",
    "timestamp": "2024-11-03T05:01:14.400Z",
    "viewed": true,
    "campaign_notification": false,
    "campaign": null,
    "redirect_link": null
  }
},
{
  "model": "main.notification",
  "pk": 110,
  "fields": {
    "user": 1,
    "message": "pk loved your campaign 'This will create a cohesive yet distinct search engine interface tha'. <a href='/campaign/1/'>View Campaign</a>",
    "timestamp": "2024-11-03T05:01:36.902Z",
    "viewed": true,
    "campaign_notification": false,
    "campaign": null,
    "redirect_link": null
  }
},
{
  "model": "main.notification",
  "pk": 111,
  "fields": {
    "user": 3,
    "message": "pk loved your campaign 'Tears of Gaza - Wikipedia Images may be subject to copyright. Learn More'. <a href='/campaign/3/'>View Campaign</a>",
    "timestamp": "2024-11-03T18:43:09.696Z",
    "viewed": true,
    "campaign_notification": false,
    "campaign": null,
    "redirect_link": null
  }
},
{
  "model": "main.notification",
  "pk": 112,
  "fields": {
    "user": 1,
    "message": "pk loved your campaign 'With a passion for bringing ideas to life and helping communities grow, Kisoro Ashraf Colline has been actively'. <a href='/campaign/2/'>View Campaign</a>",
    "timestamp": "2024-11-03T18:44:19.186Z",
    "viewed": true,
    "campaign_notification": false,
    "campaign": null,
    "redirect_link": null
  }
},
{
  "model": "main.notification",
  "pk": 113,
  "fields": {
    "user": 3,
    "message": "test loved your campaign 'Tears of Gaza - Wikipedia Images may be subject to copyright. Learn More'. <a href='/campaign/3/'>View Campaign</a>",
    "timestamp": "2024-11-03T19:01:25.901Z",
    "viewed": true,
    "campaign_notification": false,
    "campaign": null,
    "redirect_link": null
  }
},
{
  "model": "main.notification",
  "pk": 114,
  "fields": {
    "user": 3,
    "message": "test loved your campaign 'Tears of Gaza - Wikipedia Images may be subject to copyright. Learn More'. <a href='/campaign/3/'>View Campaign</a>",
    "timestamp": "2024-11-03T19:01:30.134Z",
    "viewed": true,
    "campaign_notification": false,
    "campaign": null,
    "redirect_link": null
  }
},
{
  "model": "main.notification",
  "pk": 115,
  "fields": {
    "user": 1,
    "message": "pk loved your campaign 'With a passion for bringing ideas to life and helping communities grow, Kisoro'. <a href='/campaign/4/'>View Campaign</a>",
    "timestamp": "2024-11-05T18:14:26.019Z",
    "viewed": true,
    "campaign_notification": false,
    "campaign": null,
    "redirect_link": null
  }
},
{
  "model": "main.notification",
  "pk": 116,
  "fields": {
    "user": 1,
    "message": "An activity was added to your campaign 'With a passion for bringing ideas to life and helping communities grow, Kisoro'. <a href='/campaign/6/'>View Campaign</a>",
    "timestamp": "2024-11-06T18:47:46.571Z",
    "viewed": true,
    "campaign_notification": false,
    "campaign": null,
    "redirect_link": null
  }
},
{
  "model": "main.notification",
  "pk": 117,
  "fields": {
    "user": 1,
    "message": "pk loved your campaign 'With a passion for bringing ideas to life and helping communities grow, Kisoro'. <a href='/campaign/7/'>View Campaign</a>",
    "timestamp": "2024-11-09T18:26:12.940Z",
    "viewed": true,
    "campaign_notification": false,
    "campaign": null,
    "redirect_link": null
  }
},
{
  "model": "main.notification",
  "pk": 118,
  "fields": {
    "user": 1,
    "message": "pk loved an activity in your campaign 'With a passion for bringing ideas to life and helping communities grow, Kisoro'. <a href='/campaign/6/'>View Campaign</a>",
    "timestamp": "2024-11-11T19:27:53.522Z",
    "viewed": true,
    "campaign_notification": false,
    "campaign": null,
    "redirect_link": null
  }
},
{
  "model": "main.notification",
  "pk": 119,
  "fields": {
    "user": 1,
    "message": "pk loved your campaign 'With a passion for bringing ideas to life and helping communities grow, Kisoro'. <a href='/campaign/6/'>View Campaign</a>",
    "timestamp": "2024-11-11T19:53:17.670Z",
    "viewed": true,
    "campaign_notification": false,
    "campaign": null,
    "redirect_link": null
  }
},
{
  "model": "main.notification",
  "pk": 120,
  "fields": {
    "user": 3,
    "message": "pk loved your campaign 'Tears of Gaza - Wikipedia Images may be subject to copyright. Learn More'. <a href='/campaign/3/'>View Campaign</a>",
    "timestamp": "2024-11-11T19:54:15.267Z",
    "viewed": true,
    "campaign_notification": false,
    "campaign": null,
    "redirect_link": null
  }
},
{
  "model": "main.notification",
  "pk": 121,
  "fields": {
    "user": 3,
    "message": "pk loved your campaign 'Tears of Gaza - Wikipedia Images may be subject to copyright. Learn More'. <a href='/campaign/3/'>View Campaign</a>",
    "timestamp": "2024-11-11T19:54:26.224Z",
    "viewed": true,
    "campaign_notification": false,
    "campaign": null,
    "redirect_link": null
  }
},
{
  "model": "main.notification",
  "pk": 122,
  "fields": {
    "user": 1,
    "message": "An activity was added to your campaign 'With a passion for bringing ideas to life and helping communities grow, Kisoro'. <a href='/campaign/6/'>View Campaign</a>",
    "timestamp": "2024-11-11T20:03:20.304Z",
    "viewed": true,
    "campaign_notification": false,
    "campaign": null,
    "redirect_link": null
  }
},
{
  "model": "main.notification",
  "pk": 123,
  "fields": {
    "user": 1,
    "message": "pk commented on an activity in your campaign 'With a passion for bringing ideas to life and helping communities grow, Kisoro'. <a href='/campaign/6/'>View Campaign</a>",
    "timestamp": "2024-11-12T07:13:34.878Z",
    "viewed": true,
    "campaign_notification": false,
    "campaign": null,
    "redirect_link": null
  }
},
{
  "model": "main.notification",
  "pk": 124,
  "fields": {
    "user": 1,
    "message": "pk commented on an activity in your campaign 'With a passion for bringing ideas to life and helping communities grow, Kisoro'. <a href='/campaign/6/'>View Campaign</a>",
    "timestamp": "2024-11-12T13:41:33.280Z",
    "viewed": true,
    "campaign_notification": false,
    "campaign": null,
    "redirect_link": null
  }
},
{
  "model": "main.notification",
  "pk": 125,
  "fields": {
    "user": 1,
    "message": "pk commented on an activity in your campaign 'With a passion for bringing ideas to life and helping communities grow, Kisoro'. <a href='/campaign/6/'>View Campaign</a>",
    "timestamp": "2024-11-12T13:41:34.245Z",
    "viewed": true,
    "campaign_notification": false,
    "campaign": null,
    "redirect_link": null
  }
},
{
  "model": "main.notification",
  "pk": 126,
  "fields": {
    "user": 1,
    "message": "pk loved an activity in your campaign 'With a passion for bringing ideas to life and helping communities grow, Kisoro'. <a href='/campaign/6/'>View Campaign</a>",
    "timestamp": "2024-11-12T18:39:18.080Z",
    "viewed": true,
    "campaign_notification": false,
    "campaign": null,
    "redirect_link": null
  }
},
{
  "model": "main.notification",
  "pk": 127,
  "fields": {
    "user": 1,
    "message": "pk commented on an activity in your campaign 'With a passion for bringing ideas to life and helping communities grow, Kisoro'. <a href='/campaign/6/'>View Campaign</a>",
    "timestamp": "2024-11-15T11:49:42.213Z",
    "viewed": true,
    "campaign_notification": false,
    "campaign": null,
    "redirect_link": null
  }
},
{
  "model": "main.notification",
  "pk": 128,
  "fields": {
    "user": 1,
    "message": "pk commented on an activity in your campaign 'With a passion for bringing ideas to life and helping communities grow, Kisoro'. <a href='/campaign/6/'>View Campaign</a>",
    "timestamp": "2024-11-15T12:11:18.206Z",
    "viewed": true,
    "campaign_notification": false,
    "campaign": null,
    "redirect_link": null
  }
},
{
  "model": "main.notification",
  "pk": 129,
  "fields": {
    "user": 1,
    "message": "pk commented on an activity in your campaign 'With a passion for bringing ideas to life and helping communities grow, Kisoro'. <a href='/campaign/6/'>View Campaign</a>",
    "timestamp": "2024-11-15T18:21:29.290Z",
    "viewed": true,
    "campaign_notification": false,
    "campaign": null,
    "redirect_link": null
  }
},
{
  "model": "main.notification",
  "pk": 130,
  "fields": {
    "user": 1,
    "message": "pk has added a new brainstorming idea to your campaign 'With a passion for bringing ideas to life and helping communities grow, Kisoro'. <a href='/campaign/6/'>View Campaign</a>",
    "timestamp": "2024-11-16T14:52:26.858Z",
    "viewed": true,
    "campaign_notification": false,
    "campaign": 6,
    "redirect_link": null
  }
},
{
  "model": "main.notification",
  "pk": 131,
  "fields": {
    "user": 1,
    "message": "pk has added a new brainstorming idea to your campaign 'With a passion for bringing ideas to life and helping communities grow, Kisoro'. <a href='/campaign/6/'>View Campaign</a>",
    "timestamp": "2024-11-16T14:58:27.842Z",
    "viewed": true,
    "campaign_notification": false,
    "campaign": 6,
    "redirect_link": null
  }
},
{
  "model": "main.notification",
  "pk": 132,
  "fields": {
    "user": 1,
    "message": "pk has added a new brainstorming idea to your campaign 'With a passion for bringing ideas to life and helping communities grow, Kisoro'. <a href='/campaign/6/'>View Campaign</a>",
    "timestamp": "2024-11-16T14:59:35.648Z",
    "viewed": true,
    "campaign_notification": false,
    "campaign": 6,
    "redirect_link": null
  }
},
{
  "model": "main.notification",
  "pk": 133,
  "fields": {
    "user": 1,
    "message": "pk has added a new brainstorming idea to your campaign 'With a passion for bringing ideas to life and helping communities grow, Kisoro'. <a href='/campaign/6/'>View Campaign</a>",
    "timestamp": "2024-11-16T15:04:50.091Z",
    "viewed": true,
    "campaign_notification": false,
    "campaign": 6,
    "redirect_link": null
  }
},
{
  "model": "main.notification",
  "pk": 134,
  "fields": {
    "user": 1,
    "message": "pk has added a new brainstorming idea to your campaign 'With a passion for bringing ideas to life and helping communities grow, Kisoro'. <a href='/campaign/6/'>View Campaign</a>",
    "timestamp": "2024-11-16T15:05:52.482Z",
    "viewed": true,
    "campaign_notification": false,
    "campaign": 6,
    "redirect_link": null
  }
},
{
  "model": "main.notification",
  "pk": 135,
  "fields": {
    "user": 1,
    "message": "pk has added a new brainstorming idea to your campaign 'With a passion for bringing ideas to life and helping communities grow, Kisoro'. <a href='/campaign/6/'>View Campaign</a>",
    "timestamp": "2024-11-16T15:06:30.933Z",
    "viewed": true,
    "campaign_notification": false,
    "campaign": 6,
    "redirect_link": null
  }
},
{
  "model": "main.notification",
  "pk": 136,
  "fields": {
    "user": 1,
    "message": "pk has added a new brainstorming idea to your campaign 'With a passion for bringing ideas to life and helping communities grow, Kisoro'. <a href='/campaign/6/'>View Campaign</a>",
    "timestamp": "2024-11-16T15:09:02.243Z",
    "viewed": true,
    "campaign_notification": false,
    "campaign": 6,
    "redirect_link": null
  }
},
{
  "model": "main.notification",
  "pk": 137,
  "fields": {
    "user": 1,
    "message": "pk has added a new brainstorming idea to your campaign 'With a passion for bringing ideas to life and helping communities grow, Kisoro'. <a href='/campaign/6/'>View Campaign</a>",
    "timestamp": "2024-11-16T15:16:54.354Z",
    "viewed": true,
    "campaign_notification": false,
    "campaign": 6,
    "redirect_link": null
  }
},
{
  "model": "main.notification",
  "pk": 138,
  "fields": {
    "user": 1,
    "message": "pk has added a new brainstorming idea to your campaign 'With a passion for bringing ideas to life and helping communities grow, Kisoro'. <a href='/campaign/6/'>View Campaign</a>",
    "timestamp": "2024-11-16T15:18:24.035Z",
    "viewed": true,
    "campaign_notification": false,
    "campaign": 6,
    "redirect_link": null
  }
},
{
  "model": "main.notification",
  "pk": 139,
  "fields": {
    "user": 1,
    "message": "pk has added a new brainstorming idea to your campaign 'With a passion for bringing ideas to life and helping communities grow, Kisoro'. <a href='/campaign/6/'>View Campaign</a>",
    "timestamp": "2024-11-16T15:23:36.660Z",
    "viewed": true,
    "campaign_notification": false,
    "campaign": 6,
    "redirect_link": null
  }
},
{
  "model": "main.notification",
  "pk": 140,
  "fields": {
    "user": 1,
    "message": "pk has added a new brainstorming idea to your campaign 'With a passion for bringing ideas to life and helping communities grow, Kisoro'. <a href='/campaign/6/'>View Campaign</a>",
    "timestamp": "2024-11-16T15:32:01.424Z",
    "viewed": true,
    "campaign_notification": false,
    "campaign": 6,
    "redirect_link": null
  }
},
{
  "model": "main.notification",
  "pk": 141,
  "fields": {
    "user": 1,
    "message": "pk has added a new brainstorming idea to your campaign 'With a passion for bringing ideas to life and helping communities grow, Kisoro'. <a href='/campaign/6/'>View Campaign</a>",
    "timestamp": "2024-11-16T15:32:50.352Z",
    "viewed": true,
    "campaign_notification": false,
    "campaign": 6,
    "redirect_link": null
  }
},
{
  "model": "main.notification",
  "pk": 142,
  "fields": {
    "user": 1,
    "message": "pk has added a new brainstorming idea to your campaign 'With a passion for bringing ideas to life and helping communities grow, Kisoro'. <a href='/campaign/6/'>View Campaign</a>",
    "timestamp": "2024-11-16T15:37:24.181Z",
    "viewed": true,
    "campaign_notification": false,
    "campaign": 6,
    "redirect_link": null
  }
},
{
  "model": "main.notification",
  "pk": 143,
  "fields": {
    "user": 1,
    "message": "pk has added a new brainstorming idea to your campaign 'With a passion for bringing ideas to life and helping communities grow, Kisoro'. <a href='/campaign/6/'>View Campaign</a>",
    "timestamp": "2024-11-16T15:41:18.371Z",
    "viewed": true,
    "campaign_notification": false,
    "campaign": 6,
    "redirect_link": null
  }
},
{
  "model": "main.notification",
  "pk": 144,
  "fields": {
    "user": 1,
    "message": "pk has added a new brainstorming idea to your campaign 'With a passion for bringing ideas to life and helping communities grow, Kisoro'. <a href='/campaign/6/'>View Campaign</a>",
    "timestamp": "2024-11-16T15:47:05.779Z",
    "viewed": true,
    "campaign_notification": false,
    "campaign": 6,
    "redirect_link": null
  }
},
{
  "model": "main.notification",
  "pk": 145,
  "fields": {
    "user": 1,
    "message": "pk has added a new brainstorming idea to your campaign 'With a passion for bringing ideas to life and helping communities grow, Kisoro'. <a href='/campaign/6/'>View Campaign</a>",
    "timestamp": "2024-11-16T15:49:43.532Z",
    "viewed": true,
    "campaign_notification": false,
    "campaign": 6,
    "redirect_link": null
  }
},
{
  "model": "main.notification",
  "pk": 146,
  "fields": {
    "user": 1,
    "message": "pk has added a new brainstorming idea to your campaign 'With a passion for bringing ideas to life and helping communities grow, Kisoro'. <a href='/campaign/6/'>View Campaign</a>",
    "timestamp": "2024-11-16T15:49:52.283Z",
    "viewed": true,
    "campaign_notification": false,
    "campaign": 6,
    "redirect_link": null
  }
},
{
  "model": "main.notification",
  "pk": 147,
  "fields": {
    "user": 1,
    "message": "pk has added a new brainstorming idea to your campaign 'With a passion for bringing ideas to life and helping communities grow, Kisoro'. <a href='/campaign/6/'>View Campaign</a>",
    "timestamp": "2024-11-16T15:51:53.957Z",
    "viewed": true,
    "campaign_notification": false,
    "campaign": 6,
    "redirect_link": null
  }
},
{
  "model": "main.notification",
  "pk": 148,
  "fields": {
    "user": 1,
    "message": "pk has added a new brainstorming idea to your campaign 'With a passion for bringing ideas to life and helping communities grow, Kisoro'. <a href='/campaign/6/'>View Campaign</a>",
    "timestamp": "2024-11-16T15:54:52.890Z",
    "viewed": true,
    "campaign_notification": false,
    "campaign": 6,
    "redirect_link": null
  }
},
{
  "model": "main.notification",
  "pk": 149,
  "fields": {
    "user": 1,
    "message": "pk has added a new brainstorming idea to your campaign 'With a passion for bringing ideas to life and helping communities grow, Kisoro'. <a href='/campaign/6/'>View Campaign</a>",
    "timestamp": "2024-11-16T15:57:59.423Z",
    "viewed": true,
    "campaign_notification": false,
    "campaign": 6,
    "redirect_link": null
  }
},
{
  "model": "main.notification",
  "pk": 150,
  "fields": {
    "user": 1,
    "message": "pk has added a new brainstorming idea to your campaign 'With a passion for bringing ideas to life and helping communities grow, Kisoro'. <a href='/campaign/6/'>View Campaign</a>",
    "timestamp": "2024-11-16T15:59:06.400Z",
    "viewed": true,
    "campaign_notification": false,
    "campaign": 6,
    "redirect_link": null
  }
},
{
  "model": "main.notification",
  "pk": 151,
  "fields": {
    "user": 1,
    "message": "pk has added a new brainstorming idea to your campaign 'With a passion for bringing ideas to life and helping communities grow, Kisoro'. <a href='/campaign/6/'>View Campaign</a>",
    "timestamp": "2024-11-16T16:00:34.094Z",
    "viewed": true,
    "campaign_notification": false,
    "campaign": 6,
    "redirect_link": null
  }
},
{
  "model": "main.notification",
  "pk": 152,
  "fields": {
    "user": 1,
    "message": "pk has added a new brainstorming idea to your campaign 'With a passion for bringing ideas to life and helping communities grow, Kisoro'. <a href='/campaign/6/'>View Campaign</a>",
    "timestamp": "2024-11-16T16:04:35.038Z",
    "viewed": true,
    "campaign_notification": false,
    "campaign": 6,
    "redirect_link": null
  }
},
{
  "model": "main.notification",
  "pk": 153,
  "fields": {
    "user": 1,
    "message": "pk has added a new brainstorming idea to your campaign 'With a passion for bringing ideas to life and helping communities grow, Kisoro'. <a href='/campaign/6/'>View Campaign</a>",
    "timestamp": "2024-11-16T16:08:55.196Z",
    "viewed": true,
    "campaign_notification": false,
    "campaign": 6,
    "redirect_link": null
  }
},
{
  "model": "main.notification",
  "pk": 154,
  "fields": {
    "user": 1,
    "message": "pk has added a new brainstorming idea to your campaign 'With a passion for bringing ideas to life and helping communities grow, Kisoro'. <a href='/campaign/6/'>View Campaign</a>",
    "timestamp": "2024-11-16T16:11:00.377Z",
    "viewed": true,
    "campaign_notification": false,
    "campaign": 6,
    "redirect_link": null
  }
},
{
  "model": "main.notification",
  "pk": 155,
  "fields": {
    "user": 1,
    "message": "pk has added a new brainstorming idea to your campaign 'With a passion for bringing ideas to life and helping communities grow, Kisoro'. <a href='/campaign/6/'>View Campaign</a>",
    "timestamp": "2024-11-16T16:12:37.866Z",
    "viewed": true,
    "campaign_notification": false,
    "campaign": 6,
    "redirect_link": null
  }
},
{
  "model": "main.notification",
  "pk": 156,
  "fields": {
    "user": 1,
    "message": "pk has added a new brainstorming idea to your campaign 'With a passion for bringing ideas to life and helping communities grow, Kisoro'. <a href='/campaign/6/'>View Campaign</a>",
    "timestamp": "2024-11-16T16:15:32.832Z",
    "viewed": true,
    "campaign_notification": false,
    "campaign": 6,
    "redirect_link": null
  }
},
{
  "model": "main.notification",
  "pk": 157,
  "fields": {
    "user": 1,
    "message": "pk has added a new brainstorming idea to your campaign 'With a passion for bringing ideas to life and helping communities grow, Kisoro'. <a href='/campaign/6/'>View Campaign</a>",
    "timestamp": "2024-11-16T16:16:33.894Z",
    "viewed": true,
    "campaign_notification": false,
    "campaign": 6,
    "redirect_link": null
  }
},
{
  "model": "main.notification",
  "pk": 158,
  "fields": {
    "user": 1,
    "message": "pk has added a new brainstorming idea to your campaign 'With a passion for bringing ideas to life and helping communities grow, Kisoro'. <a href='/campaign/6/'>View Campaign</a>",
    "timestamp": "2024-11-16T16:17:14.089Z",
    "viewed": true,
    "campaign_notification": false,
    "campaign": 6,
    "redirect_link": null
  }
},
{
  "model": "main.notification",
  "pk": 159,
  "fields": {
    "user": 1,
    "message": "pk has added a new brainstorming idea to your campaign 'With a passion for bringing ideas to life and helping communities grow, Kisoro'. <a href='/campaign/6/'>View Campaign</a>",
    "timestamp": "2024-11-16T16:17:22.793Z",
    "viewed": true,
    "campaign_notification": false,
    "campaign": 6,
    "redirect_link": null
  }
},
{
  "model": "main.notification",
  "pk": 160,
  "fields": {
    "user": 1,
    "message": "pk has added a new brainstorming idea to your campaign 'With a passion for bringing ideas to life and helping communities grow, Kisoro'. <a href='/campaign/6/'>View Campaign</a>",
    "timestamp": "2024-11-16T16:18:32.537Z",
    "viewed": true,
    "campaign_notification": false,
    "campaign": 6,
    "redirect_link": null
  }
},
{
  "model": "main.notification",
  "pk": 161,
  "fields": {
    "user": 1,
    "message": "pk has added a new brainstorming idea to your campaign 'With a passion for bringing ideas to life and helping communities grow, Kisoro'. <a href='/campaign/6/'>View Campaign</a>",
    "timestamp": "2024-11-16T16:31:01.080Z",
    "viewed": true,
    "campaign_notification": false,
    "campaign": 6,
    "redirect_link": null
  }
},
{
  "model": "main.notification",
  "pk": 162,
  "fields": {
    "user": 1,
    "message": "pk has added a new brainstorming idea to your campaign 'With a passion for bringing ideas to life and helping communities grow, Kisoro'. <a href='/campaign/6/'>View Campaign</a>",
    "timestamp": "2024-11-16T16:31:23.870Z",
    "viewed": true,
    "campaign_notification": false,
    "campaign": 6,
    "redirect_link": null
  }
},
{
  "model": "main.notification",
  "pk": 163,
  "fields": {
    "user": 1,
    "message": "pk has added a new brainstorming idea to your campaign 'With a passion for bringing ideas to life and helping communities grow, Kisoro'. <a href='/campaign/6/'>View Campaign</a>",
    "timestamp": "2024-11-16T16:35:39.810Z",
    "viewed": true,
    "campaign_notification": false,
    "campaign": 6,
    "redirect_link": null
  }
},
{
  "model": "main.notification",
  "pk": 164,
  "fields": {
    "user": 1,
    "message": "pk has added a new brainstorming idea to your campaign 'With a passion for bringing ideas to life and helping communities grow, Kisoro'. <a href='/campaign/6/'>View Campaign</a>",
    "timestamp": "2024-11-16T16:37:12.273Z",
    "viewed": true,
    "campaign_notification": false,
    "campaign": 6,
    "redirect_link": null
  }
},
{
  "model": "main.notification",
  "pk": 165,
  "fields": {
    "user": 1,
    "message": "pk has added a new brainstorming idea to your campaign 'With a passion for bringing ideas to life and helping communities grow, Kisoro'. <a href='/campaign/6/'>View Campaign</a>",
    "timestamp": "2024-11-16T16:39:14.129Z",
    "viewed": true,
    "campaign_notification": false,
    "campaign": 6,
    "redirect_link": null
  }
},
{
  "model": "main.notification",
  "pk": 166,
  "fields": {
    "user": 1,
    "message": "pk has added a new brainstorming idea to your campaign 'With a passion for bringing ideas to life and helping communities grow, Kisoro'. <a href='/campaign/6/'>View Campaign</a>",
    "timestamp": "2024-11-16T16:42:02.653Z",
    "viewed": true,
    "campaign_notification": false,
    "campaign": 6,
    "redirect_link": null
  }
},
{
  "model": "main.notification",
  "pk": 167,
  "fields": {
    "user": 1,
    "message": "pk has added a new brainstorming idea to your campaign 'With a passion for bringing ideas to life and helping communities grow, Kisoro'. <a href='/campaign/6/'>View Campaign</a>",
    "timestamp": "2024-11-16T16:44:27.404Z",
    "viewed": true,
    "campaign_notification": false,
    "campaign": 6,
    "redirect_link": null
  }
},
{
  "model": "main.notification",
  "pk": 168,
  "fields": {
    "user": 1,
    "message": "pk has added a new brainstorming idea to your campaign 'With a passion for bringing ideas to life and helping communities grow, Kisoro'. <a href='/campaign/6/'>View Campaign</a>",
    "timestamp": "2024-11-16T16:46:20.102Z",
    "viewed": true,
    "campaign_notification": false,
    "campaign": 6,
    "redirect_link": null
  }
},
{
  "model": "main.notification",
  "pk": 169,
  "fields": {
    "user": 1,
    "message": "pk has added a new brainstorming idea to your campaign 'With a passion for bringing ideas to life and helping communities grow, Kisoro'. <a href='/campaign/6/'>View Campaign</a>",
    "timestamp": "2024-11-16T16:48:35.866Z",
    "viewed": true,
    "campaign_notification": false,
    "campaign": 6,
    "redirect_link": null
  }
},
{
  "model": "main.notification",
  "pk": 170,
  "fields": {
    "user": 1,
    "message": "pk has added a new brainstorming idea to your campaign 'With a passion for bringing ideas to life and helping communities grow, Kisoro'. <a href='/campaign/6/'>View Campaign</a>",
    "timestamp": "2024-11-16T16:50:02.457Z",
    "viewed": true,
    "campaign_notification": false,
    "campaign": 6,
    "redirect_link": null
  }
},
{
  "model": "main.notification",
  "pk": 171,
  "fields": {
    "user": 1,
    "message": "pk has added a new brainstorming idea to your campaign 'With a passion for bringing ideas to life and helping communities grow, Kisoro'. <a href='/campaign/6/'>View Campaign</a>",
    "timestamp": "2024-11-16T16:50:39.535Z",
    "viewed": true,
    "campaign_notification": false,
    "campaign": 6,
    "redirect_link": null
  }
},
{
  "model": "main.notification",
  "pk": 172,
  "fields": {
    "user": 1,
    "message": "pk has added a new brainstorming idea to your campaign 'With a passion for bringing ideas to life and helping communities grow, Kisoro'. <a href='/campaign/6/'>View Campaign</a>",
    "timestamp": "2024-11-16T16:55:05.015Z",
    "viewed": true,
    "campaign_notification": false,
    "campaign": 6,
    "redirect_link": null
  }
},
{
  "model": "main.notification",
  "pk": 173,
  "fields": {
    "user": 1,
    "message": "pk has added a new brainstorming idea to your campaign 'With a passion for bringing ideas to life and helping communities grow, Kisoro'. <a href='/campaign/6/'>View Campaign</a>",
    "timestamp": "2024-11-16T16:55:43.079Z",
    "viewed": true,
    "campaign_notification": false,
    "campaign": 6,
    "redirect_link": null
  }
},
{
  "model": "main.notification",
  "pk": 174,
  "fields": {
    "user": 1,
    "message": "pk has added a new brainstorming idea to your campaign 'With a passion for bringing ideas to life and helping communities grow, Kisoro'. <a href='/campaign/6/'>View Campaign</a>",
    "timestamp": "2024-11-16T16:56:14.259Z",
    "viewed": true,
    "campaign_notification": false,
    "campaign": 6,
    "redirect_link": null
  }
},
{
  "model": "main.notification",
  "pk": 175,
  "fields": {
    "user": 1,
    "message": "pk has added a new brainstorming idea to your campaign 'With a passion for bringing ideas to life and helping communities grow, Kisoro'. <a href='/campaign/6/'>View Campaign</a>",
    "timestamp": "2024-11-16T16:56:52.272Z",
    "viewed": true,
    "campaign_notification": false,
    "campaign": 6,
    "redirect_link": null
  }
},
{
  "model": "main.notification",
  "pk": 176,
  "fields": {
    "user": 1,
    "message": "pk has added a new brainstorming idea to your campaign 'With a passion for bringing ideas to life and helping communities grow, Kisoro'. <a href='/campaign/6/'>View Campaign</a>",
    "timestamp": "2024-11-16T17:01:36.903Z",
    "viewed": true,
    "campaign_notification": false,
    "campaign": 6,
    "redirect_link": null
  }
},
{
  "model": "main.notification",
  "pk": 177,
  "fields": {
    "user": 1,
    "message": "pk has added a new brainstorming idea to your campaign 'With a passion for bringing ideas to life and helping communities grow, Kisoro'. <a href='/campaign/6/'>View Campaign</a>",
    "timestamp": "2024-11-16T17:04:16.269Z",
    "viewed": true,
    "campaign_notification": false,
    "campaign": 6,
    "redirect_link": null
  }
},
{
  "model": "main.notification",
  "pk": 178,
  "fields": {
    "user": 1,
    "message": "pk has added a new brainstorming idea to your campaign 'With a passion for bringing ideas to life and helping communities grow, Kisoro'. <a href='/campaign/6/'>View Campaign</a>",
    "timestamp": "2024-11-16T17:07:03.096Z",
    "viewed": true,
    "campaign_notification": false,
    "campaign": 6,
    "redirect_link": null
  }
},
{
  "model": "main.notification",
  "pk": 179,
  "fields": {
    "user": 1,
    "message": "pk has added a new brainstorming idea to your campaign 'With a passion for bringing ideas to life and helping communities grow, Kisoro'. <a href='/campaign/6/'>View Campaign</a>",
    "timestamp": "2024-11-16T17:08:36.829Z",
    "viewed": true,
    "campaign_notification": false,
    "campaign": 6,
    "redirect_link": null
  }
},
{
  "model": "main.notification",
  "pk": 180,
  "fields": {
    "user": 1,
    "message": "pk has added a new brainstorming idea to your campaign 'With a passion for bringing ideas to life and helping communities grow, Kisoro'. <a href='/campaign/6/'>View Campaign</a>",
    "timestamp": "2024-11-16T17:10:36.390Z",
    "viewed": true,
    "campaign_notification": false,
    "campaign": 6,
    "redirect_link": null
  }
},
{
  "model": "main.notification",
  "pk": 181,
  "fields": {
    "user": 1,
    "message": "pk has added a new brainstorming idea to your campaign 'With a passion for bringing ideas to life and helping communities grow, Kisoro'. <a href='/campaign/6/'>View Campaign</a>",
    "timestamp": "2024-11-16T17:13:41.805Z",
    "viewed": true,
    "campaign_notification": false,
    "campaign": 6,
    "redirect_link": null
  }
},
{
  "model": "main.notification",
  "pk": 182,
  "fields": {
    "user": 1,
    "message": "pk has added a new brainstorming idea to your campaign 'With a passion for bringing ideas to life and helping communities grow, Kisoro'. <a href='/campaign/6/'>View Campaign</a>",
    "timestamp": "2024-11-16T17:17:07.437Z",
    "viewed": true,
    "campaign_notification": false,
    "campaign": 6,
    "redirect_link": null
  }
},
{
  "model": "main.notification",
  "pk": 183,
  "fields": {
    "user": 1,
    "message": "pk has added a new brainstorming idea to your campaign 'With a passion for bringing ideas to life and helping communities grow, Kisoro'. <a href='/campaign/6/'>View Campaign</a>",
    "timestamp": "2024-11-16T17:19:37.246Z",
    "viewed": true,
    "campaign_notification": false,
    "campaign": 6,
    "redirect_link": null
  }
},
{
  "model": "main.notification",
  "pk": 184,
  "fields": {
    "user": 1,
    "message": "pk has added a new brainstorming idea to your campaign 'With a passion for bringing ideas to life and helping communities grow, Kisoro'. <a href='/campaign/6/'>View Campaign</a>",
    "timestamp": "2024-11-16T17:24:17.042Z",
    "viewed": true,
    "campaign_notification": false,
    "campaign": 6,
    "redirect_link": null
  }
},
{
  "model": "main.notification",
  "pk": 185,
  "fields": {
    "user": 1,
    "message": "pk has added a new brainstorming idea to your campaign 'With a passion for bringing ideas to life and helping communities grow, Kisoro'. <a href='/campaign/6/'>View Campaign</a>",
    "timestamp": "2024-11-16T17:30:04.807Z",
    "viewed": true,
    "campaign_notification": false,
    "campaign": 6,
    "redirect_link": null
  }
},
{
  "model": "main.notification",
  "pk": 186,
  "fields": {
    "user": 1,
    "message": "pk has added a new brainstorming idea to your campaign 'With a passion for bringing ideas to life and helping communities grow, Kisoro'. <a href='/campaign/6/'>View Campaign</a>",
    "timestamp": "2024-11-16T17:52:24.440Z",
    "viewed": true,
    "campaign_notification": false,
    "campaign": 6,
    "redirect_link": null
  }
},
{
  "model": "main.notification",
  "pk": 187,
  "fields": {
    "user": 1,
    "message": "pk has added a new brainstorming idea to your campaign 'With a passion for bringing ideas to life and helping communities grow, Kisoro'. <a href='/campaign/6/'>View Campaign</a>",
    "timestamp": "2024-11-16T17:56:25.329Z",
    "viewed": true,
    "campaign_notification": false,
    "campaign": 6,
    "redirect_link": null
  }
},
{
  "model": "main.notification",
  "pk": 188,
  "fields": {
    "user": 1,
    "message": "pk has added a new brainstorming idea to your campaign 'With a passion for bringing ideas to life and helping communities grow, Kisoro'. <a href='/campaign/6/'>View Campaign</a>",
    "timestamp": "2024-11-16T18:00:29.113Z",
    "viewed": true,
    "campaign_notification": false,
    "campaign": 6,
    "redirect_link": null
  }
},
{
  "model": "main.notification",
  "pk": 189,
  "fields": {
    "user": 1,
    "message": "pk has added a new brainstorming idea to your campaign 'With a passion for bringing ideas to life and helping communities grow, Kisoro'. <a href='/campaign/6/'>View Campaign</a>",
    "timestamp": "2024-11-16T18:03:07.484Z",
    "viewed": true,
    "campaign_notification": false,
    "campaign": 6,
    "redirect_link": null
  }
},
{
  "model": "main.notification",
  "pk": 190,
  "fields": {
    "user": 1,
    "message": "pk has added a new brainstorming idea to your campaign 'With a passion for bringing ideas to life and helping communities grow, Kisoro'. <a href='/campaign/6/'>View Campaign</a>",
    "timestamp": "2024-11-16T18:05:46.468Z",
    "viewed": true,
    "campaign_notification": false,
    "campaign": 6,
    "redirect_link": null
  }
},
{
  "model": "main.notification",
  "pk": 191,
  "fields": {
    "user": 1,
    "message": "pk has added a new brainstorming idea to your campaign 'With a passion for bringing ideas to life and helping communities grow, Kisoro'. <a href='/campaign/6/'>View Campaign</a>",
    "timestamp": "2024-11-16T18:27:11.482Z",
    "viewed": true,
    "campaign_notification": false,
    "campaign": 6,
    "redirect_link": null
  }
},
{
  "model": "main.notification",
  "pk": 192,
  "fields": {
    "user": 1,
    "message": "pk has added a new brainstorming idea to your campaign 'With a passion for bringing ideas to life and helping communities grow, Kisoro'. <a href='/campaign/6/'>View Campaign</a>",
    "timestamp": "2024-11-16T18:27:42.676Z",
    "viewed": true,
    "campaign_notification": false,
    "campaign": 6,
    "redirect_link": null
  }
},
{
  "model": "main.notification",
  "pk": 193,
  "fields": {
    "user": 1,
    "message": "pk loved your campaign 'With a passion for bringing ideas to life and helping communities grow, Kisoro'. <a href='/campaign/6/'>View Campaign</a>",
    "timestamp": "2024-11-16T18:49:56.582Z",
    "viewed": true,
    "campaign_notification": false,
    "campaign": null,
    "redirect_link": null
  }
},
{
  "model": "main.notification",
  "pk": 194,
  "fields": {
    "user": 3,
    "message": "pk loved your campaign 'Tears of Gaza - Wikipedia Images may be subject to copyright. Learn More'. <a href='/campaign/3/'>View Campaign</a>",
    "timestamp": "2024-11-16T19:09:33.224Z",
    "viewed": true,
    "campaign_notification": false,
    "campaign": null,
    "redirect_link": null
  }
},
{
  "model": "main.notification",
  "pk": 195,
  "fields": {
    "user": 1,
    "message": "pk commented on your campaign 'With a passion for bringing ideas to life and helping communities grow, Kisoro'. <a href='/campaign/6/'>View Campaign</a>",
    "timestamp": "2024-11-18T15:11:22.981Z",
    "viewed": true,
    "campaign_notification": false,
    "campaign": null,
    "redirect_link": null
  }
},
{
  "model": "main.notification",
  "pk": 196,
  "fields": {
    "user": 1,
    "message": "pk commented on your campaign 'With a passion for bringing ideas to life and helping communities grow,'. <a href='/campaign/8/'>View Campaign</a>",
    "timestamp": "2024-11-20T11:23:15.183Z",
    "viewed": true,
    "campaign_notification": false,
    "campaign": null,
    "redirect_link": null
  }
},
{
  "model": "main.notification",
  "pk": 197,
  "fields": {
    "user": 1,
    "message": "pk commented on your campaign 'With a passion for bringing ideas to life and helping communities grow,'. <a href='/campaign/8/'>View Campaign</a>",
    "timestamp": "2024-11-20T11:28:51.776Z",
    "viewed": true,
    "campaign_notification": false,
    "campaign": null,
    "redirect_link": null
  }
},
{
  "model": "main.notification",
  "pk": 198,
  "fields": {
    "user": 1,
    "message": "pk commented on your campaign 'With a passion for bringing ideas to life and helping communities grow,'. <a href='/campaign/8/'>View Campaign</a>",
    "timestamp": "2024-11-20T11:32:39.711Z",
    "viewed": true,
    "campaign_notification": false,
    "campaign": null,
    "redirect_link": null
  }
},
{
  "model": "main.notification",
  "pk": 199,
  "fields": {
    "user": 1,
    "message": "pk commented on your campaign 'With a passion for bringing ideas to life and helping communities grow,'. <a href='/campaign/8/'>View Campaign</a>",
    "timestamp": "2024-11-21T06:57:17.764Z",
    "viewed": true,
    "campaign_notification": false,
    "campaign": null,
    "redirect_link": null
  }
},
{
  "model": "main.notification",
  "pk": 200,
  "fields": {
    "user": 1,
    "message": "pk commented on your campaign 'With a passion for bringing ideas to life and helping communities grow, Kisoro Ashraf Colline has been actively'. <a href='/campaign/2/'>View Campaign</a>",
    "timestamp": "2024-11-21T19:30:18.583Z",
    "viewed": true,
    "campaign_notification": false,
    "campaign": null,
    "redirect_link": null
  }
},
{
  "model": "main.notification",
  "pk": 201,
  "fields": {
    "user": 1,
    "message": "pk commented on your campaign 'With a passion for bringing ideas to life and helping communities grow, Kisoro Ashraf Colline has been actively'. <a href='/campaign/2/'>View Campaign</a>",
    "timestamp": "2024-11-21T19:32:29.779Z",
    "viewed": true,
    "campaign_notification": false,
    "campaign": null,
    "redirect_link": null
  }
},
{
  "model": "main.notification",
  "pk": 202,
  "fields": {
    "user": 1,
    "message": "pk commented on your campaign 'With a passion for bringing ideas to life and helping communities grow, Kisoro'. <a href='/campaign/6/'>View Campaign</a>",
    "timestamp": "2024-11-22T18:26:58.782Z",
    "viewed": true,
    "campaign_notification": false,
    "campaign": null,
    "redirect_link": null
  }
},
{
  "model": "main.notification",
  "pk": 203,
  "fields": {
    "user": 1,
    "message": "pk loved your campaign 'With a passion for bringing ideas to life and helping communities grow, Kisoro'. <a href='/campaign/7/'>View Campaign</a>",
    "timestamp": "2024-11-23T13:26:30.861Z",
    "viewed": true,
    "campaign_notification": false,
    "campaign": null,
    "redirect_link": null
  }
},
{
  "model": "main.notification",
  "pk": 204,
  "fields": {
    "user": 1,
    "message": "pk loved your campaign 'With a passion for bringing ideas to life and helping communities grow, Kisoro'. <a href='/campaign/6/'>View Campaign</a>",
    "timestamp": "2024-11-23T13:26:49.773Z",
    "viewed": true,
    "campaign_notification": false,
    "campaign": null,
    "redirect_link": null
  }
},
{
  "model": "main.notification",
  "pk": 205,
  "fields": {
    "user": 1,
    "message": "pk loved your campaign 'With a passion for bringing ideas to life and helping communities grow, Kisoro Ashraf Colline has been actively'. <a href='/campaign/2/'>View Campaign</a>",
    "timestamp": "2024-11-23T13:27:03.329Z",
    "viewed": true,
    "campaign_notification": false,
    "campaign": null,
    "redirect_link": null
  }
},
{
  "model": "main.notification",
  "pk": 206,
  "fields": {
    "user": 3,
    "message": "pk loved your campaign 'Tears of Gaza - Wikipedia Images may be subject to copyright. Learn More'. <a href='/campaign/3/'>View Campaign</a>",
    "timestamp": "2024-11-23T13:27:33.749Z",
    "viewed": true,
    "campaign_notification": false,
    "campaign": null,
    "redirect_link": null
  }
},
{
  "model": "main.notification",
  "pk": 207,
  "fields": {
    "user": 1,
    "message": "pk loved your campaign 'With a passion for bringing ideas to life and helping communities grow, Kisoro Ashraf Colline has been actively'. <a href='/campaign/2/'>View Campaign</a>",
    "timestamp": "2024-11-23T13:28:35.549Z",
    "viewed": true,
    "campaign_notification": false,
    "campaign": null,
    "redirect_link": null
  }
},
{
  "model": "main.notification",
  "pk": 208,
  "fields": {
    "user": 1,
    "message": "pk loved your campaign 'With a passion for bringing ideas to life and helping communities grow, Kisoro Ashraf Colline has been actively'. <a href='/campaign/2/'>View Campaign</a>",
    "timestamp": "2024-11-23T13:55:19.314Z",
    "viewed": true,
    "campaign_notification": false,
    "campaign": null,
    "redirect_link": null
  }
},
{
  "model": "main.notification",
  "pk": 209,
  "fields": {
    "user": 1,
    "message": "pk loved your campaign 'With a passion for bringing ideas to life and helping communities grow,'. <a href='/campaign/8/'>View Campaign</a>",
    "timestamp": "2024-12-02T10:52:19.899Z",
    "viewed": true,
    "campaign_notification": false,
    "campaign": null,
    "redirect_link": null
  }
},
{
  "model": "main.notification",
  "pk": 210,
  "fields": {
    "user": 1,
    "message": "pk loved your campaign 'With a passion for bringing ideas to life and helping communities grow,'. <a href='/campaign/8/'>View Campaign</a>",
    "timestamp": "2024-12-02T11:37:25.406Z",
    "viewed": true,
    "campaign_notification": false,
    "campaign": null,
    "redirect_link": null
  }
},
{
  "model": "main.notification",
  "pk": 211,
  "fields": {
    "user": 1,
    "message": "pk loved your campaign 'With a passion for bringing ideas to life and helping communities grow,'. <a href='/campaign/8/'>View Campaign</a>",
    "timestamp": "2024-12-02T11:37:56.308Z",
    "viewed": true,
    "campaign_notification": false,
    "campaign": null,
    "redirect_link": null
  }
},
{
  "model": "main.notification",
  "pk": 212,
  "fields": {
    "user": 1,
    "message": "pk loved your campaign 'With a passion for bringing ideas to life and helping communities grow,'. <a href='/campaign/8/'>View Campaign</a>",
    "timestamp": "2024-12-02T11:37:59.106Z",
    "viewed": true,
    "campaign_notification": false,
    "campaign": null,
    "redirect_link": null
  }
},
{
  "model": "main.notification",
  "pk": 213,
  "fields": {
    "user": 3,
    "message": "You have been added to the chat 'aka group'. <a href='/chat-detail/1/'>View Chat</a>",
    "timestamp": "2024-12-02T16:36:48.907Z",
    "viewed": true,
    "campaign_notification": false,
    "campaign": null,
    "redirect_link": null
  }
},
{
  "model": "main.notification",
  "pk": 214,
  "fields": {
    "user": 3,
    "message": "You have a new message from pk in the chat 'aka group'. <a href='/chat-detail/1/'>View Chat</a>",
    "timestamp": "2024-12-02T16:40:48.503Z",
    "viewed": true,
    "campaign_notification": false,
    "campaign": null,
    "redirect_link": null
  }
},
{
  "model": "main.notification",
  "pk": 215,
  "fields": {
    "user": 3,
    "message": "You have a new message from pk in the chat 'aka group'. <a href='/chat-detail/1/'>View Chat</a>",
    "timestamp": "2024-12-03T03:44:35.011Z",
    "viewed": true,
    "campaign_notification": false,
    "campaign": null,
    "redirect_link": null
  }
},
{
  "model": "main.notification",
  "pk": 216,
  "fields": {
    "user": 3,
    "message": "You have a new message from pk in the chat 'aka group'. <a href='/chat-detail/1/'>View Chat</a>",
    "timestamp": "2024-12-03T03:46:25.036Z",
    "viewed": true,
    "campaign_notification": false,
    "campaign": null,
    "redirect_link": null
  }
},
{
  "model": "main.notification",
  "pk": 217,
  "fields": {
    "user": 3,
    "message": "You have a new message from pk in the chat 'aka group'. <a href='/chat-detail/1/'>View Chat</a>",
    "timestamp": "2024-12-03T04:09:20.030Z",
    "viewed": true,
    "campaign_notification": false,
    "campaign": null,
    "redirect_link": null
  }
},
{
  "model": "main.notification",
  "pk": 218,
  "fields": {
    "user": 3,
    "message": "You have a new message from pk in the chat 'aka group'. <a href='/chat-detail/1/'>View Chat</a>",
    "timestamp": "2024-12-03T04:24:28.880Z",
    "viewed": true,
    "campaign_notification": false,
    "campaign": null,
    "redirect_link": null
  }
},
{
  "model": "main.notification",
  "pk": 219,
  "fields": {
    "user": 3,
    "message": "You have a new message from pk in the chat 'aka group'. <a href='/chat-detail/1/'>View Chat</a>",
    "timestamp": "2024-12-03T04:25:27.088Z",
    "viewed": true,
    "campaign_notification": false,
    "campaign": null,
    "redirect_link": null
  }
},
{
  "model": "main.notification",
  "pk": 220,
  "fields": {
    "user": 3,
    "message": "You have a new message from pk in the chat 'aka group'. <a href='/chat-detail/1/'>View Chat</a>",
    "timestamp": "2024-12-03T05:21:21.635Z",
    "viewed": true,
    "campaign_notification": false,
    "campaign": null,
    "redirect_link": null
  }
},
{
  "model": "main.notification",
  "pk": 221,
  "fields": {
    "user": 3,
    "message": "You have been added to the chat 'aka group'. <a href='/chat-detail/1/'>View Chat</a>",
    "timestamp": "2024-12-03T05:39:16.805Z",
    "viewed": true,
    "campaign_notification": false,
    "campaign": null,
    "redirect_link": null
  }
},
{
  "model": "main.notification",
  "pk": 222,
  "fields": {
    "user": 3,
    "message": "You have a new message from pk in the chat 'aka group'. <a href='/chat-detail/1/'>View Chat</a>",
    "timestamp": "2024-12-03T05:42:53.116Z",
    "viewed": true,
    "campaign_notification": false,
    "campaign": null,
    "redirect_link": null
  }
},
{
  "model": "main.notification",
  "pk": 223,
  "fields": {
    "user": 3,
    "message": "You have a new message from pk in the chat 'aka group'. <a href='/chat-detail/1/'>View Chat</a>",
    "timestamp": "2024-12-03T06:13:28.114Z",
    "viewed": true,
    "campaign_notification": false,
    "campaign": null,
    "redirect_link": null
  }
},
{
  "model": "main.notification",
  "pk": 224,
  "fields": {
    "user": 3,
    "message": "You have a new message from pk in the chat 'aka group'. <a href='/chat-detail/1/'>View Chat</a>",
    "timestamp": "2024-12-03T07:30:37.284Z",
    "viewed": true,
    "campaign_notification": false,
    "campaign": null,
    "redirect_link": null
  }
},
{
  "model": "main.notification",
  "pk": 225,
  "fields": {
    "user": 1,
    "message": "An activity was added to your campaign 'With a passion for bringing ideas to life and helping communities grow, Kisoro'. <a href='/campaign/7/'>View Campaign</a>",
    "timestamp": "2024-12-03T17:29:44.768Z",
    "viewed": true,
    "campaign_notification": false,
    "campaign": null,
    "redirect_link": null
  }
},
{
  "model": "main.notification",
  "pk": 226,
  "fields": {
    "user": 1,
    "message": "An activity was added to your campaign 'With a passion for bringing ideas to life and helping communities grow, Kisoro'. <a href='/campaign/7/'>View Campaign</a>",
    "timestamp": "2024-12-03T17:33:20.699Z",
    "viewed": true,
    "campaign_notification": false,
    "campaign": null,
    "redirect_link": null
  }
},
{
  "model": "main.notification",
  "pk": 227,
  "fields": {
    "user": 5,
    "message": "pk started following you. <a href='/user-profile/pk/'>View Profile</a>",
    "timestamp": "2024-12-03T18:01:25.862Z",
    "viewed": false,
    "campaign_notification": false,
    "campaign": null,
    "redirect_link": null
  }
},
{
  "model": "main.notification",
  "pk": 228,
  "fields": {
    "user": 1,
    "message": "jk started following you. <a href='/user-profile/jk/'>View Profile</a>",
    "timestamp": "2024-12-09T14:01:35.345Z",
    "viewed": true,
    "campaign_notification": false,
    "campaign": null,
    "redirect_link": null
  }
},
{
  "model": "main.notification",
  "pk": 229,
  "fields": {
    "user": 6,
    "message": "jk loved your campaign 'Relief for Families Displaced by Natural Disasters'. <a href='/campaign/10/'>View Campaign</a>",
    "timestamp": "2024-12-09T14:18:17.167Z",
    "viewed": true,
    "campaign_notification": false,
    "campaign": null,
    "redirect_link": null
  }
},
{
  "model": "main.notification",
  "pk": 230,
  "fields": {
    "user": 6,
    "message": "An activity was added to your campaign 'Relief for Families Displaced by Natural Disasters'. <a href='/campaign/10/'>View Campaign</a>",
    "timestamp": "2024-12-09T14:23:33.193Z",
    "viewed": true,
    "campaign_notification": false,
    "campaign": null,
    "redirect_link": null
  }
},
{
  "model": "main.notification",
  "pk": 231,
  "fields": {
    "user": 6,
    "message": "jk loved an activity in your campaign 'Relief for Families Displaced by Natural Disasters'. <a href='/campaign/10/'>View Campaign</a>",
    "timestamp": "2024-12-09T14:31:56.963Z",
    "viewed": true,
    "campaign_notification": false,
    "campaign": null,
    "redirect_link": null
  }
},
{
  "model": "main.notification",
  "pk": 232,
  "fields": {
    "user": 3,
    "message": "jk started following you. <a href='/user-profile/jk/'>View Profile</a>",
    "timestamp": "2024-12-09T14:38:37.638Z",
    "viewed": false,
    "campaign_notification": false,
    "campaign": null,
    "redirect_link": null
  }
},
{
  "model": "main.notification",
  "pk": 233,
  "fields": {
    "user": 6,
    "message": "An activity was added to your campaign 'Relief for Families Displaced by Natural Disasters'. <a href='/campaign/10/'>View Campaign</a>",
    "timestamp": "2024-12-09T14:41:32.492Z",
    "viewed": true,
    "campaign_notification": false,
    "campaign": null,
    "redirect_link": null
  }
},
{
  "model": "main.notification",
  "pk": 234,
  "fields": {
    "user": 6,
    "message": "jk loved an activity in your campaign 'Relief for Families Displaced by Natural Disasters'. <a href='/campaign/10/'>View Campaign</a>",
    "timestamp": "2024-12-09T14:46:19.439Z",
    "viewed": true,
    "campaign_notification": false,
    "campaign": null,
    "redirect_link": null
  }
},
{
  "model": "main.notification",
  "pk": 235,
  "fields": {
    "user": 5,
    "message": "jk started following you. <a href='/user-profile/jk/'>View Profile</a>",
    "timestamp": "2024-12-09T14:46:45.471Z",
    "viewed": false,
    "campaign_notification": false,
    "campaign": null,
    "redirect_link": null
  }
},
{
  "model": "main.notification",
  "pk": 236,
  "fields": {
    "user": 6,
    "message": "Your verification for Business Certificate has been approved.",
    "timestamp": "2024-12-09T14:53:40.820Z",
    "viewed": true,
    "campaign_notification": false,
    "campaign": null,
    "redirect_link": null
  }
},
{
  "model": "main.notification",
  "pk": 237,
  "fields": {
    "user": 6,
    "message": "Your verification for Business Certificate has been approved.",
    "timestamp": "2024-12-09T14:54:06.881Z",
    "viewed": true,
    "campaign_notification": false,
    "campaign": null,
    "redirect_link": null
  }
},
{
  "model": "main.notification",
  "pk": 238,
  "fields": {
    "user": 7,
    "message": "Your verification for National ID has been approved.",
    "timestamp": "2024-12-09T18:31:40.599Z",
    "viewed": true,
    "campaign_notification": false,
    "campaign": null,
    "redirect_link": null
  }
},
{
  "model": "main.notification",
  "pk": 239,
  "fields": {
    "user": 8,
    "message": "Your verification for National ID has been approved.",
    "timestamp": "2024-12-09T18:38:14.540Z",
    "viewed": true,
    "campaign_notification": false,
    "campaign": null,
    "redirect_link": null
  }
},
{
  "model": "main.notification",
  "pk": 240,
  "fields": {
    "user": 6,
    "message": "jk loved your campaign 'Reforest Our Future'. <a href='/campaign/12/'>View Campaign</a>",
    "timestamp": "2024-12-14T14:03:36.087Z",
    "viewed": false,
    "campaign_notification": false,
    "campaign": null,
    "redirect_link": null
  }
},
{
  "model": "main.notification",
  "pk": 241,
  "fields": {
    "user": 6,
    "message": "An activity was added to your campaign 'Reforest Our Future'. <a href='/campaign/12/'>View Campaign</a>",
    "timestamp": "2024-12-14T14:05:37.704Z",
    "viewed": false,
    "campaign_notification": false,
    "campaign": null,
    "redirect_link": null
  }
},
{
  "model": "main.notification",
  "pk": 242,
  "fields": {
    "user": 1,
    "message": "jk loved your campaign 'With a passion for bringing ideas to life and helping communities grow, Kisoro Ashraf Colline has been actively'. <a href='/campaign/2/'>View Campaign</a>",
    "timestamp": "2024-12-14T14:42:24.841Z",
    "viewed": true,
    "campaign_notification": false,
    "campaign": null,
    "redirect_link": null
  }
},
{
  "model": "main.notification",
  "pk": 243,
  "fields": {
    "user": 1,
    "message": "jk loved your campaign 'This will create a cohesive yet distinct search engine interface tha'. <a href='/campaign/1/'>View Campaign</a>",
    "timestamp": "2024-12-14T14:43:03.395Z",
    "viewed": true,
    "campaign_notification": false,
    "campaign": null,
    "redirect_link": null
  }
},
{
  "model": "main.notification",
  "pk": 244,
  "fields": {
    "user": 6,
    "message": "jk loved your campaign 'Guardians of the Forest: Protecting Biodiversity'. <a href='/campaign/13/'>View Campaign</a>",
    "timestamp": "2024-12-14T14:44:30.913Z",
    "viewed": false,
    "campaign_notification": false,
    "campaign": null,
    "redirect_link": null
  }
},
{
  "model": "main.notification",
  "pk": 245,
  "fields": {
    "user": 6,
    "message": "jk loved your campaign 'Guardians of the Forest: Protecting Biodiversity'. <a href='/campaign/13/'>View Campaign</a>",
    "timestamp": "2024-12-14T17:27:36.975Z",
    "viewed": false,
    "campaign_notification": false,
    "campaign": null,
    "redirect_link": null
  }
},
{
  "model": "main.notification",
  "pk": 246,
  "fields": {
    "user": 6,
    "message": "rallynex started following you. <a href='/user-profile/rallynex/'>View Profile</a>",
    "timestamp": "2025-03-21T06:08:10.924Z",
    "viewed": false,
    "campaign_notification": false,
    "campaign": null,
    "redirect_link": null
  }
},
{
  "model": "main.notification",
  "pk": 247,
  "fields": {
    "user": 6,
    "message": "rallynex started following you. <a href='/user-profile/rallynex/'>View Profile</a>",
    "timestamp": "2025-03-21T06:30:35.942Z",
    "viewed": false,
    "campaign_notification": false,
    "campaign": null,
    "redirect_link": null
  }
},
{
  "model": "main.notification",
  "pk": 248,
  "fields": {
    "user": 6,
    "message": "You have been added to the chat 'do'. <a href='/chat-detail/2/'>View Chat</a>",
    "timestamp": "2025-03-23T19:57:16.393Z",
    "viewed": false,
    "campaign_notification": false,
    "campaign": null,
    "redirect_link": null
  }
},
{
  "model": "main.notification",
  "pk": 249,
  "fields": {
    "user": 3,
    "message": "ak started following you. <a href='/user-profile/@ak/'>View Profile</a>",
    "timestamp": "2025-03-27T08:13:03.137Z",
    "viewed": false,
    "campaign_notification": false,
    "campaign": null,
    "redirect_link": null
  }
},
{
  "model": "main.notification",
  "pk": 250,
  "fields": {
    "user": 3,
    "message": "You have been added to the chat 'chat'. <a href='/chat-detail/3/'>View Chat</a>",
    "timestamp": "2025-03-27T08:13:20.819Z",
    "viewed": false,
    "campaign_notification": false,
    "campaign": null,
    "redirect_link": null
  }
},
{
  "model": "main.notification",
  "pk": 251,
  "fields": {
    "user": 3,
    "message": "You have a new message from ak in the chat 'chat'. <a href='/chat-detail/3/'>View Chat</a>",
    "timestamp": "2025-03-27T08:13:41.149Z",
    "viewed": false,
    "campaign_notification": false,
    "campaign": null,
    "redirect_link": null
  }
},
{
  "model": "main.notification",
  "pk": 252,
  "fields": {
    "user": 3,
    "message": "ak loved your campaign 'Tears of Gaza - Wikipedia Images may be subject to copyright. Learn More'. <a href='/campaign/3/'>View Campaign</a>",
    "timestamp": "2025-03-27T17:07:58.573Z",
    "viewed": false,
    "campaign_notification": false,
    "campaign": null,
    "redirect_link": null
  }
},
{
  "model": "main.notification",
  "pk": 253,
  "fields": {
    "user": 10,
    "message": "An activity was added to your campaign 'Bringing Healthcare to Rural Communities in Uganda'. <a href='/campaign/16/'>View Campaign</a>",
    "timestamp": "2025-03-27T20:27:24.947Z",
    "viewed": false,
    "campaign_notification": false,
    "campaign": null,
    "redirect_link": null
  }
},
{
  "model": "main.surah",
  "pk": 1,
  "fields": {
    "name": "Al-Ikhlas (The Sincerity)",
    "surah_number": 1,
    "chapter": 1,
    "english_name": "unknown",
    "place_of_revelation": "unknown"
  }
},
{
  "model": "main.quranverse",
  "pk": 1,
  "fields": {
    "surah": 1,
    "verse_number": 1,
    "verse_text": "   ",
    "translation": "\"Say, 'He is Allah, [Who is] One.'\"",
    "description": "This verse emphasizes the absolute oneness of Allah, a core tenet of Islamic monotheism. It is a profound declaration of faith, underscoring that Allah is unique, indivisible, and unlike anything else in existence. This surah holds great importance in Islamic teachings and is often recited in prayers."
  }
},
{
  "model": "main.adhkar",
  "pk": 1,
  "fields": {
    "type": "after_prayer",
    "text": "\"Astaghfirullah\" (3 times)\r\n\"Allahumma antas-salam wa minkas-salam...\" (Dua after Tasleem)\r\nTasbih Fatimah: \"SubhanAllah\" (33x), \"Alhamdulillah\" (33x), \"Allahu Akbar\" (34x)",
    "translation": "\"Astaghfirullah\" (3 times)\r\n\"Allahumma antas-salam wa minkas-salam...\" (Dua after Tasleem)\r\nTasbih Fatimah: \"SubhanAllah\" (33x), \"Alhamdulillah\" (33x), \"Allahu Akbar\" (34x)",
    "reference": null
  }
},
{
  "model": "main.hadith",
  "pk": 1,
  "fields": {
    "narrator": "Sahih al-Bukhari",
    "text": "Arabic:\r\n\r\n           \r\n\r\nTransliteration:\r\n\r\n    \"Innamal amaal bin niyyaat, wa innamaa li kullimriim maa nawaa.\"\r\n\r\nTranslation:\r\n\r\n    \"Actions are judged by intentions, and every person will get what they intended.\"\r\n     Sahih al-Bukhari, Hadith 1",
    "reference": "Sahih al-Bukhari",
    "authenticity": "yes"
  }
},
{
  "model": "main.platformfund",
  "pk": 1,
  "fields": {
    "donation_link": "http://127.0.0.1:8000/admin/main/platformfund/add/"
  }
},
{
  "model": "main.nativead",
  "pk": 3,
  "fields": {
    "title": "Empower Future Leaders with Your Support!",
    "content": "Help fund educational programs that transform lives. Your contribution will enable schools and students to access better learning resources, tools, and opportunities to thrive. Join us in making a lasting impact on the future of education by supporting our campaign.",
    "image": "native_ads/ap.png",
    "link": "http://127.0.0.1:8000/admin/main/nativead/add/",
    "sponsored_by": "Rallynex Educational Initiatives"
  }
},
{
  "model": "main.nativead",
  "pk": 4,
  "fields": {
    "title": "Support the Next Big Creative Project!",
    "content": "Calling all art lovers and creators! Help bring bold, imaginative projects to life by supporting artists, filmmakers, and musicians on our platform. With your help, we can fund projects that inspire and uplift communities through creativity. Lets build a world where every creative voice is heard!",
    "image": "native_ads/ad.jpg",
    "link": "http://127.0.0.1:8000/admin/main/nativead/add/",
    "sponsored_by": "Rallynex Creatives"
  }
},
{
  "model": "main.blog",
  "pk": 1,
  "fields": {
    "title": "Spotlight on a Successful Campaign: Helping Local Schools Thrive",
    "slug": "spotlight-on-a-successful-campaign-helping-l",
    "content": "One of our most inspiring campaigns is \"Helping Local Schools Thrive,\" which has raised thousands of dollars for underfunded schools in our community. This campaign focuses on providing necessary supplies and improving educational opportunities for children in underserved areas.\r\n\r\nWe sat down with the campaign organizers to learn more about their motivation and the impact theyve made. Their passion and dedication are truly inspiring!",
    "author": 10,
    "created_at": "2025-03-12T05:44:47.441Z",
    "updated_at": "2025-03-27T19:39:41.956Z",
    "image": "blog_images/cdc-GDokEYnOfnE-unsplash.jpg",
    "is_published": true,
    "category": "Spotlight",
    "estimated_reading_time": 7
  }
},
{
  "model": "main.blog",
  "pk": 2,
  "fields": {
    "title": "5 Tips for Creating a Successful Crowdfunding Campaign",
    "slug": "5-tips-for-creating-a-successful-crowdfunding-camp",
    "content": "Starting a crowdfunding campaign can be a rewarding experience, but it's important to approach it with the right strategy. Here are five tips that can help you launch a successful campaign:\r\n\r\n    Define Your Cause Clearly: Be specific about what you're raising funds for.\r\n\r\n    Set Realistic Goals: Choose a funding target that is achievable.\r\n\r\n    Share Your Story: People support campaigns they can connect with emotionally.\r\n\r\n    Utilize Social Media: Spread the word on all platforms.\r\n\r\n    Engage with Donors: Respond to comments and keep your supporters updated.\r\n\r\nWith these tips in mind, you're ready to take your campaign to the next level!",
    "author": 10,
    "created_at": "2025-03-12T05:46:07.174Z",
    "updated_at": "2025-03-27T10:13:34.034Z",
    "image": "blog_images/jl.jpeg",
    "is_published": true,
    "category": "Tips",
    "estimated_reading_time": 6
  }
},
{
  "model": "main.blog",
  "pk": 3,
  "fields": {
    "title": "How RallyNex-Led Campaigns Are Making a Difference",
    "slug": "how-rallynex-led-campaigns-are-making-a-difference",
    "content": "RallyNex-Led campaigns are designed to tackle major social issues and make a real difference in communities. These campaigns are supported by our platform, offering resources and visibility to organizations and individuals working for change. From environmental sustainability to community health, RallyNex-Led campaigns are a powerful force for good. Join us in supporting these impactful causes!",
    "author": 10,
    "created_at": "2025-03-27T10:04:28.922Z",
    "updated_at": "2025-03-27T10:08:23.068Z",
    "image": "blog_images/z.webp",
    "is_published": true,
    "category": "RallyNex-Led",
    "estimated_reading_time": 6
  }
},
{
  "model": "main.blog",
  "pk": 4,
  "fields": {
    "title": "The Future of Crowdfunding: Trends to Watch",
    "slug": "the-future-of-crowdfunding-trends-to-watch",
    "content": "Crowdfunding has become a crucial tool for individuals and organizations to raise money for various causes. But what does the future hold for crowdfunding platforms? Here are a few trends to look out for:\r\n\r\n    Increased Use of Technology: Expect more AI tools to help personalize campaigns.\r\n\r\n    Global Reach: Crowdfunding will continue to cross borders, reaching more people than ever.\r\n\r\n    Focus on Sustainability: Donors are increasingly looking to support eco-friendly initiatives.\r\n\r\n    Integration with Social Media: Crowdfunding campaigns will become even more integrated with social platforms.\r\n\r\nThese trends indicate an exciting future for the crowdfunding industry.",
    "author": 10,
    "created_at": "2025-03-27T10:22:50.172Z",
    "updated_at": "2025-03-27T10:22:50.172Z",
    "image": "blog_images/po.webp",
    "is_published": true,
    "category": "Other",
    "estimated_reading_time": 6
  }
},
{
  "model": "main.blog",
  "pk": 5,
  "fields": {
    "title": "How to Engage Your Community Through Crowdfunding",
    "slug": "how-to-engage-your-community-through-crowdfunding",
    "content": "Engagement is key to the success of any crowdfunding campaign. Here are some effective ways to engage your community and ensure your campaigns success:\r\n\r\n    Tell a Compelling Story: Share why your campaign matters and how it will impact the community.\r\n\r\n    Offer Rewards: Provide incentives to your donors, such as thank-you notes or exclusive updates.\r\n\r\n    Create Regular Updates: Keep your backers in the loop with regular campaign updates and milestones.\r\n\r\n    Host Events: Consider hosting online or offline events to bring your community together and rally support.\r\n\r\nEngagement is not just about asking for donations; its about building relationships and fostering a sense of community.",
    "author": 10,
    "created_at": "2025-03-27T10:28:23.990Z",
    "updated_at": "2025-03-27T10:28:23.990Z",
    "image": "blog_images/df.jpeg",
    "is_published": true,
    "category": "Tips",
    "estimated_reading_time": 5
  }
},
{
  "model": "main.campaignstory",
  "pk": 1,
  "fields": {
    "title": "Clean Water for All",
    "slug": "clean-water-for-all",
    "content": "\"Access to clean water is a basic human right, yet millions of people around the world lack it.  \r\nOur mission is to provide safe drinking water to underserved communities.  \r\nWith your help, we can install wells, filtration systems, and rainwater collection points in areas that need them the most.  \r\n\r\nEvery donation goes directly towards building sustainable water solutions.  \r\nJoin us in making clean water accessible to everyone.",
    "image": "story_images/liz-martin-9M8J7JvW_nc-unsplash.jpg",
    "created_at": "2025-03-12T15:43:48.988Z"
  }
},
{
  "model": "main.campaignstory",
  "pk": 2,
  "fields": {
    "title": "A Greener Tomorrow: The Fight Against Waste",
    "slug": "a-greener-tomorrow-the-fight-against-waste",
    "content": "In a small town surrounded by beautiful landscapes and lush forests, a group of passionate individuals set out to tackle one of the most pressing environmental challenges: waste. This was no ordinary groupthey were everyday citizens, teachers, business owners, and students, all united by the belief that they could make a difference in reducing waste and preserving the environment for future generations.\r\n\r\nThe journey began with a simple question: 'What can we do to make a change?' They started with small but impactful actions. Local businesses switched to compostable packaging, schools encouraged recycling programs, and community events were organized to raise awareness about waste reduction.\r\n\r\nAs the town began to adopt these new habits, the community saw a significant reduction in the amount of waste sent to landfills. Instead, the waste was being recycled, reused, and repurposed. People were now more conscious of the materials they consumed. They replaced single-use plastics with reusable containers, encouraged the use of cloth bags, and composted organic waste, turning it into rich soil for gardens.\r\n\r\nBut the group's efforts didnt stop there. They took on bigger challenges, like setting up a zero-waste market where products were sold in bulk, and none of the packaging was harmful to the environment. Local schools started educating kids about the importance of reducing waste, and soon, the whole town was on board.\r\n\r\nWith your support, we can help more communities like this one transition to sustainable waste reduction practices. We believe that a small group of people can create a ripple effect that changes the world. Together, we can reduce waste, conserve resources, and build a greener, more sustainable future.\r\n\r\nJoin us in our mission to make the world cleaner, one small change at a time.\"\r\n\r\n#WasteNot #GreenPlanet #ReduceReuseRecycle",
    "image": "story_images/weste.jpg",
    "created_at": "2025-03-12T16:27:15.766Z"
  }
},
{
  "model": "main.faq",
  "pk": 1,
  "fields": {
    "category": "campaigns",
    "question": "How do I start a campaign?",
    "answer": "To start a campaign on our crowdfunding platform, follow these steps:\r\n\r\n    Create an Account  Sign up or log in to your account.\r\n    Click \"Start a Campaign\"  Navigate to the campaign creation page.\r\n    Fill in the Details  Provide essential information such as:\r\n        Campaign title\r\n        Description of your project or cause\r\n        Fundraising goal amount\r\n        Images or videos to support your campaign\r\n        Category selection (e.g., Business, Charity, Medical, Education)\r\n    Set Up Payment Details  Choose how youll receive funds and link a valid payment method.\r\n    Submit for Review  Our team will review your campaign to ensure it meets our guidelines.\r\n    Launch and Share  Once approved, your campaign goes live! Share it on social media, email, and with your community to attract backers."
  }
}
]
